{
  "sections": {
    "bb7588e2-322e-49f2-87bb-8d05dd3697ec": {
      "type": "navigation-slideshow",
      "blocks": {
        "b9291c89-a91c-4a67-a0d9-bfea1a1d18d0": {
          "type": "slide",
          "settings": {
            "image_desktop": "",
            "image_mobile": "",
            "overlay_text_align": "text-start",
            "mob_center_text": true,
            "subheading": "",
            "heading": "Smart tech. <br>Smart prices.",
            "heading_size": "h0",
            "heading_h1": false,
            "text": "<p><strong>Save up to 50%<br\/><\/strong>on over 1,000 products!<\/p>",
            "enlarge_text": true,
            "button_1_label": "Shop Smart Tech",
            "button_1_link": "",
            "button_1_style": "btn btn--primary",
            "button_2_label": "",
            "button_2_link": "",
            "button_2_style": "btn btn--primary",
            "transparent_content_color": "#ffffff"
          }
        },
        "4944b957-0b7e-4a63-9ab6-f97eecba1b2f": {
          "type": "slide",
          "settings": {
            "image_desktop": "",
            "image_mobile": "",
            "overlay_text_align": "text-start",
            "mob_center_text": true,
            "subheading": "",
            "heading": "Top specs. <br>Low prices.",
            "heading_size": "h0",
            "heading_h1": false,
            "text": "<p><strong>Save up to 50%<br\/><\/strong>on over 1,000 products!<\/p>",
            "enlarge_text": true,
            "button_1_label": "Shop Laptops",
            "button_1_link": "",
            "button_1_style": "btn btn--primary",
            "button_2_label": "",
            "button_2_link": "",
            "button_2_style": "btn btn--primary",
            "transparent_content_color": "#ffffff"
          }
        },
        "c4fcb261-beb3-4c16-80a3-8584fe04d0f9": {
          "type": "slide",
          "settings": {
            "image_desktop": "",
            "image_mobile": "",
            "overlay_text_align": "text-start",
            "mob_center_text": true,
            "subheading": "",
            "heading": "Amazing deals <br>on electricals.",
            "heading_size": "h0",
            "heading_h1": false,
            "text": "<p><strong>Save up to 50%<br\/><\/strong>on over 1,000 products!<\/p>",
            "enlarge_text": true,
            "button_1_label": "Shop Home Tech",
            "button_1_link": "",
            "button_1_style": "btn btn--primary",
            "button_2_label": "",
            "button_2_link": "",
            "button_2_style": "btn btn--primary",
            "transparent_content_color": "#ffffff"
          }
        }
      },
      "block_order": [
        "b9291c89-a91c-4a67-a0d9-bfea1a1d18d0",
        "4944b957-0b7e-4a63-9ab6-f97eecba1b2f",
        "c4fcb261-beb3-4c16-80a3-8584fe04d0f9"
      ],
      "settings": {
        "height_mode": "auto",
        "fixed_height_desktop": 620,
        "fixed_height_mobile": 360,
        "quick_nav_title": "Shop our range",
        "quick_nav_image_ratio": "1",
        "quick_nav_image_fit": "cover",
        "quick_nav_use_product_image": true,
        "quick_nav_color_scheme": "default",
        "quick_nav_show_price": true,
        "menu_1_text": "Choose a department...",
        "menu_1_display": "large_text",
        "menu_2_text": "Choose a category...",
        "menu_2_display": "large_image_text",
        "menu_3_text": "Choose a product type...",
        "menu_3_display": "large_image_text",
        "nav_style": "slideshow_nav_lines",
        "pagination_color": "#ffffff",
        "transition": "slide-fade",
        "autoplay": true,
        "slider_pause": false,
        "autoplay_speed": 6,
        "color_scheme": "white",
        "full_width": true,
        "tint_color": "#000000",
        "tint_opacity": 25,
        "accessibility_info": "Featured collections and new arrivals",
        "prevent_animation": true
      }
    },
    "b7c18b78-f517-4220-a6c6-ff4ab88b41ff": {
      "type": "collection-list",
      "blocks": {
        "template--17646024294688__b7c18b78-f517-4220-a6c6-ff4ab88b41ff-1675097479abc2632c-0": {
          "type": "collection",
          "settings": {
            "image": ""
          }
        },
        "template--17646024294688__b7c18b78-f517-4220-a6c6-ff4ab88b41ff-1675097479abc2632c-3": {
          "type": "collection",
          "settings": {
            "image": ""
          }
        },
        "47f4b468-b3b1-4c1f-b906-a46a206beb71": {
          "type": "collection",
          "settings": {
            "image": ""
          }
        },
        "template--17646024294688__b7c18b78-f517-4220-a6c6-ff4ab88b41ff-1675097479abc2632c-2": {
          "type": "collection",
          "settings": {
            "image": ""
          }
        },
        "80501b44-f33e-44b5-90cb-a4c5cea7553e": {
          "type": "collection",
          "settings": {
            "image": ""
          }
        },
        "92ac9a91-a3c3-477c-8a27-ccae7d6e59a1": {
          "type": "collection",
          "settings": {
            "image": ""
          }
        }
      },
      "block_order": [
        "template--17646024294688__b7c18b78-f517-4220-a6c6-ff4ab88b41ff-1675097479abc2632c-0",
        "template--17646024294688__b7c18b78-f517-4220-a6c6-ff4ab88b41ff-1675097479abc2632c-3",
        "47f4b468-b3b1-4c1f-b906-a46a206beb71",
        "template--17646024294688__b7c18b78-f517-4220-a6c6-ff4ab88b41ff-1675097479abc2632c-2",
        "80501b44-f33e-44b5-90cb-a4c5cea7553e",
        "92ac9a91-a3c3-477c-8a27-ccae7d6e59a1"
      ],
      "settings": {
        "title": "Shop Deals",
        "heading_align": "text-center",
        "button_label": "",
        "button_link": "",
        "layout": "carousel",
        "card_size": "small",
        "use_product_image": true,
        "circle_image": true,
        "show_border": true,
        "color_scheme": "none",
        "full_width": true
      }
    },
    "2cfe881f-8ca3-4df7-95e4-f5b39015d791": {
      "type": "promo-grid",
      "blocks": {
        "template--17646024294688__2cfe881f-8ca3-4df7-95e4-f5b39015d791-16750976533d9e79c5-0": {
          "type": "media",
          "settings": {
            "image": "",
            "link_url": "",
            "columns": 2,
            "rows": 2,
            "line1_text": "",
            "line1_text_type_scale": "--h6-font-size",
            "line2_text": "New in",
            "line2_text_type_scale": "h2",
            "line3_text": "",
            "line3_text_type_scale": "--h5-font-size",
            "overlay_position": "justify-start items-start",
            "text_alignment": "text-center",
            "promo_circle": true,
            "background_color": "#aa1155",
            "text_color": "#ffffff",
            "subheading": "Smart prices on smart watches",
            "link_text": "Shop the latest arrivals now >",
            "text_type_scale": "h5",
            "tint_color": "#000000",
            "tint_opacity": 0
          }
        },
        "template--17646024294688__2cfe881f-8ca3-4df7-95e4-f5b39015d791-16750976533d9e79c5-1": {
          "type": "media",
          "settings": {
            "image": "",
            "link_url": "",
            "columns": 1,
            "rows": 1,
            "line1_text": "Save up to",
            "line1_text_type_scale": "--h6-font-size",
            "line2_text": "25%",
            "line2_text_type_scale": "h3",
            "line3_text": "",
            "line3_text_type_scale": "--h5-font-size",
            "overlay_position": "justify-start items-start",
            "text_alignment": "text-center",
            "promo_circle": true,
            "background_color": "#aa1155",
            "text_color": "#ffffff",
            "subheading": "Replace the essentials",
            "link_text": "Shop Computing >",
            "text_type_scale": "h5",
            "tint_color": "#000000",
            "tint_opacity": 0
          }
        },
        "template--17646024294688__2cfe881f-8ca3-4df7-95e4-f5b39015d791-16750976533d9e79c5-2": {
          "type": "media",
          "settings": {
            "image": "",
            "link_url": "",
            "columns": 1,
            "rows": 1,
            "line1_text": "Save up to",
            "line1_text_type_scale": "--h6-font-size",
            "line2_text": "1\/3",
            "line2_text_type_scale": "h2",
            "line3_text": "",
            "line3_text_type_scale": "--h5-font-size",
            "overlay_position": "justify-start items-start",
            "text_alignment": "text-center",
            "promo_circle": true,
            "background_color": "#aa1155",
            "text_color": "#ffffff",
            "subheading": "Treat yourself...",
            "link_text": "Shop loudspeakers >",
            "text_type_scale": "h5",
            "tint_color": "#000000",
            "tint_opacity": 0
          }
        },
        "template--17646024294688__2cfe881f-8ca3-4df7-95e4-f5b39015d791-16750976533d9e79c5-3": {
          "type": "media",
          "settings": {
            "image": "",
            "link_url": "",
            "columns": 2,
            "rows": 1,
            "line1_text": "Save up to",
            "line1_text_type_scale": "--h6-font-size",
            "line2_text": "33%",
            "line2_text_type_scale": "h2",
            "line3_text": "",
            "line3_text_type_scale": "--h5-font-size",
            "overlay_position": "justify-start items-start",
            "text_alignment": "text-center",
            "promo_circle": true,
            "background_color": "#aa1155",
            "text_color": "#ffffff",
            "subheading": "Make it snappy!",
            "link_text": "Top deals on cameras >",
            "text_type_scale": "h5",
            "tint_color": "#000000",
            "tint_opacity": 0
          }
        }
      },
      "block_order": [
        "template--17646024294688__2cfe881f-8ca3-4df7-95e4-f5b39015d791-16750976533d9e79c5-0",
        "template--17646024294688__2cfe881f-8ca3-4df7-95e4-f5b39015d791-16750976533d9e79c5-1",
        "template--17646024294688__2cfe881f-8ca3-4df7-95e4-f5b39015d791-16750976533d9e79c5-2",
        "template--17646024294688__2cfe881f-8ca3-4df7-95e4-f5b39015d791-16750976533d9e79c5-3"
      ],
      "settings": {
        "title": "",
        "heading_align": "text-start",
        "button_label": "",
        "button_link": "",
        "gallery_cols_max": 4,
        "mobile_carousel": false,
        "gallery_cols_min": "1",
        "fixed_height_desktop": 230,
        "fixed_height_mobile": 260,
        "text_overlay_font": "body",
        "color_scheme": "default"
      }
    },
    "8920e5de-3c38-4881-9157-068a30f16121": {
      "type": "countdown-timer",
      "blocks": {
        "template--17937594614048__8920e5de-3c38-4881-9157-068a30f16121-16768866707e61c625-0": {
          "type": "heading",
          "settings": {
            "heading": "Flash Sale",
            "heading_size": "h1",
            "heading_h1": false
          }
        },
        "template--17937594614048__8920e5de-3c38-4881-9157-068a30f16121-16768866707e61c625-1": {
          "type": "text",
          "settings": {
            "text": "<p>Hurry! Offers end soon.<\/p>",
            "enlarge_text": true
          }
        },
        "template--17937594614048__8920e5de-3c38-4881-9157-068a30f16121-16768866707e61c625-2": {
          "type": "countdown",
          "settings": {
            "end_date": "",
            "end_time": "",
            "end_text": "",
            "enlarge_end_text": false,
            "hide_on_end": false
          }
        },
        "fcfd3bc5-11d0-43b5-8d4b-ca59a170c6dd": {
          "type": "button",
          "settings": {
            "button_1_label": "Shop Flash Sale",
            "button_1_link": "",
            "button_1_style": "btn btn--primary",
            "button_2_label": "",
            "button_2_link": "",
            "button_2_style": "btn btn--primary"
          }
        }
      },
      "block_order": [
        "template--17937594614048__8920e5de-3c38-4881-9157-068a30f16121-16768866707e61c625-0",
        "template--17937594614048__8920e5de-3c38-4881-9157-068a30f16121-16768866707e61c625-1",
        "template--17937594614048__8920e5de-3c38-4881-9157-068a30f16121-16768866707e61c625-2",
        "fcfd3bc5-11d0-43b5-8d4b-ca59a170c6dd"
      ],
      "settings": {
        "image": "",
        "height_mode": "fixed",
        "fixed_height_desktop": 600,
        "fixed_height_mobile": 440,
        "overlay_position": "justify-center",
        "text_align": "text-center",
        "mob_center_text": false,
        "countdown_size": "24",
        "use_custom_colors": false,
        "count_color": "#ffffff",
        "bg_color": "#1a66d2",
        "color_scheme": "2",
        "full_width": true,
        "tint_color": "#000000",
        "tint_opacity": 0
      }
    },
    "2b6638e0-7b54-4420-a891-39abab8a2a2b": {
      "type": "featured-collection",
      "settings": {
        "title": "Trending now...",
        "heading_align": "text-center",
        "show_view_all": false,
        "collection": "all",
        "layout": "carousel",
        "card_size_mobile": "small",
        "card_size": "small",
        "products_to_show": 24,
        "show_highlight_products": false,
        "show_promo_info": false,
        "image_ratio": "1",
        "promo_title": "Promotion title",
        "content": "<p>Promotion text<\/p>",
        "link_url": "",
        "button_label": "Button",
        "color_scheme": "none",
        "button_style": "btn btn--secondary"
      }
    },
    "aab03c2f-0b18-4a62-9280-a2026f9819a7": {
      "type": "background-video",
      "blocks": {
        "acce17cf-8f17-46d2-9235-006d24df53ea": {
          "type": "heading",
          "settings": {
            "heading": "New Product V2",
            "heading_size": "h1",
            "heading_h1": false
          }
        },
        "6c4e69a1-9cf9-4045-8abb-e3d8ceb30b23": {
          "type": "text",
          "settings": {
            "text": "<p>Smart watches just got smarter...<\/p>",
            "enlarge_text": true
          }
        },
        "90617dd2-3fd4-4de9-b743-6301d904e700": {
          "type": "button",
          "settings": {
            "button_label": "Coming Soon!",
            "button_link": "",
            "button_style": "btn btn--primary"
          }
        }
      },
      "block_order": [
        "acce17cf-8f17-46d2-9235-006d24df53ea",
        "6c4e69a1-9cf9-4045-8abb-e3d8ceb30b23",
        "90617dd2-3fd4-4de9-b743-6301d904e700"
      ],
      "settings": {
        "video_description": "",
        "poster_image": "",
        "video_height": "md",
        "overlay_text_align": "text-center",
        "overlay_position": "justify-center items-center",
        "mob_center_text": true,
        "color_scheme": "2",
        "transparent_content_color": "#ffffff",
        "tint_color": "#292f36",
        "tint_opacity": 0,
        "lazyload": true,
        "prevent_animation": false
      }
    },
    "eb683620-4832-4859-a362-dfff515f867c": {
      "type": "media-grid",
      "blocks": {
        "template--17646024294688__eb683620-4832-4859-a362-dfff515f867c-1675184658ddacfe8e-0": {
          "type": "media",
          "settings": {
            "image": "",
            "link_url": "",
            "columns": 2,
            "rows": 1,
            "subheading": "",
            "title": "<p>Brand 1<\/p>",
            "heading_size": "h3",
            "button_label": "",
            "button_link": "",
            "overlay_position": "justify-start items-start",
            "text_alignment": "text-start",
            "button_style": "btn btn--primary",
            "tint_color": "#000000",
            "tint_opacity": 0
          }
        },
        "template--17646024294688__eb683620-4832-4859-a362-dfff515f867c-1675184658ddacfe8e-1": {
          "type": "media",
          "settings": {
            "image": "",
            "link_url": "",
            "columns": 2,
            "rows": 1,
            "subheading": "",
            "title": "<p>Brand 2<\/p>",
            "heading_size": "h3",
            "button_label": "",
            "button_link": "",
            "overlay_position": "justify-start items-end",
            "text_alignment": "text-start",
            "button_style": "link link-inherit",
            "tint_color": "#000000",
            "tint_opacity": 0
          }
        }
      },
      "block_order": [
        "template--17646024294688__eb683620-4832-4859-a362-dfff515f867c-1675184658ddacfe8e-0",
        "template--17646024294688__eb683620-4832-4859-a362-dfff515f867c-1675184658ddacfe8e-1"
      ],
      "settings": {
        "title": "Top Brands",
        "heading_align": "text-center",
        "button_label": "",
        "button_link": "",
        "gallery_cols_max": 4,
        "mobile_carousel": false,
        "gallery_cols_min": "1",
        "fixed_height_desktop": 400,
        "fixed_height_mobile": 280,
        "section_color_scheme": "none",
        "color_scheme": "white",
        "transparent_content_color": "#ffffff"
      }
    },
    "e831b750-ff21-4703-99e1-64199126c484": {
      "type": "scrolling-banner",
      "blocks": {
        "613bc276-4272-48cf-b283-20a4f6430519": {
          "type": "image",
          "settings": {
            "image": "",
            "image_height": 48,
            "link": ""
          }
        },
        "31c22117-99f6-4252-98b6-f3ee0fbf3323": {
          "type": "image",
          "settings": {
            "image": "",
            "image_height": 48,
            "link": ""
          }
        },
        "97db6fd4-79dc-40f2-9af7-5bf324979d8e": {
          "type": "image",
          "settings": {
            "image": "",
            "image_height": 48,
            "link": ""
          }
        },
        "80b36a51-0727-43b7-9f93-5bcc898ab912": {
          "type": "image",
          "settings": {
            "image": "",
            "image_height": 48,
            "link": ""
          }
        },
        "64452c59-f584-463f-8bc2-96e2f2510a6b": {
          "type": "image",
          "settings": {
            "image": "",
            "image_height": 48,
            "link": ""
          }
        },
        "585b584c-4345-4423-84bd-98f28b65bd17": {
          "type": "image",
          "settings": {
            "image": "",
            "image_height": 48,
            "link": ""
          }
        }
      },
      "block_order": [
        "613bc276-4272-48cf-b283-20a4f6430519",
        "31c22117-99f6-4252-98b6-f3ee0fbf3323",
        "97db6fd4-79dc-40f2-9af7-5bf324979d8e",
        "80b36a51-0727-43b7-9f93-5bcc898ab912",
        "64452c59-f584-463f-8bc2-96e2f2510a6b",
        "585b584c-4345-4423-84bd-98f28b65bd17"
      ],
      "settings": {
        "section_height": "default",
        "spacing": 72,
        "speed": 30,
        "direction": "normal",
        "pausable": true,
        "color_scheme": "1",
        "dividers": "none",
        "prevent_animation": false
      }
    },
    "bd2edc13-1805-4c10-b227-152a54f95ead": {
      "type": "product-comparison-grid",
      "blocks": {
        "template--17646024294688__bd2edc13-1805-4c10-b227-152a54f95ead-1674140552ec466fc1-0": {
          "type": "product",
          "settings": {
            "show_image": true,
            "show_title": true,
            "show_button": true
          }
        },
        "b7706f29-2a5f-42b2-9923-d10a987099f4": {
          "type": "rating",
          "settings": {}
        },
        "6441b495-1857-4360-aaeb-a99cbba8e414": {
          "type": "type",
          "settings": {}
        },
        "5dfff776-b52a-42c5-9d0b-cbe0ec8852e9": {
          "type": "variant_option",
          "settings": {
            "title": "Color"
          }
        },
        "f0e4fde7-8d4a-4a60-b9dd-730a8d2b3677": {
          "type": "metafield",
          "settings": {
            "title": "Total pixels",
            "metafield_key": "custom.total_pixels"
          }
        },
        "40a0618c-3032-4176-83aa-fad669149506": {
          "type": "metafield",
          "settings": {
            "title": "Image sensor",
            "metafield_key": "custom.image_sensor"
          }
        },
        "template--17646024294688__bd2edc13-1805-4c10-b227-152a54f95ead-1674140552ec466fc1-2": {
          "type": "price",
          "settings": {}
        }
      },
      "block_order": [
        "template--17646024294688__bd2edc13-1805-4c10-b227-152a54f95ead-1674140552ec466fc1-0",
        "b7706f29-2a5f-42b2-9923-d10a987099f4",
        "6441b495-1857-4360-aaeb-a99cbba8e414",
        "5dfff776-b52a-42c5-9d0b-cbe0ec8852e9",
        "f0e4fde7-8d4a-4a60-b9dd-730a8d2b3677",
        "40a0618c-3032-4176-83aa-fad669149506",
        "template--17646024294688__bd2edc13-1805-4c10-b227-152a54f95ead-1674140552ec466fc1-2"
      ],
      "settings": {
        "heading": "Which camera is the right one for you?",
        "text": "",
        "heading_align": "text-center",
        "view_more_label": "",
        "view_more_link": "#",
        "empty_field_text": "-",
        "image_ratio": "1",
        "image_crop": "center",
        "num_rows": 0,
        "color_scheme": "none",
        "highlight_row": true
      }
    },
    "d1557094-e1ff-483a-a831-ec47e3ac8583": {
      "type": "shoppable-image",
      "blocks": {
        "template--17646024294688__d1557094-e1ff-483a-a831-ec47e3ac8583-16751824192893615f-0": {
          "type": "hotspot",
          "settings": {
            "hotspot_x": 20,
            "hotspot_y": 56
          }
        },
        "template--17646024294688__d1557094-e1ff-483a-a831-ec47e3ac8583-16751824192893615f-1": {
          "type": "hotspot",
          "settings": {
            "hotspot_x": 56,
            "hotspot_y": 60
          }
        },
        "template--17646024294688__d1557094-e1ff-483a-a831-ec47e3ac8583-16751824192893615f-2": {
          "type": "hotspot",
          "settings": {
            "hotspot_x": 80,
            "hotspot_y": 64
          }
        }
      },
      "block_order": [
        "template--17646024294688__d1557094-e1ff-483a-a831-ec47e3ac8583-16751824192893615f-0",
        "template--17646024294688__d1557094-e1ff-483a-a831-ec47e3ac8583-16751824192893615f-1",
        "template--17646024294688__d1557094-e1ff-483a-a831-ec47e3ac8583-16751824192893615f-2"
      ],
      "settings": {
        "image": "",
        "layout": "image_first",
        "show_vendor": true,
        "show_content": true,
        "mob_center_text": true,
        "heading": "Smart. Secure. Sustainable.",
        "text": "<p>Upgrade your home and let the devices do the hard work for you with our selection of the latest smart tech. Imagine what home could be.<\/p>",
        "button_label": "Shop Smart Tech",
        "button_link": "",
        "hotspot_color": "#ffffff",
        "color_scheme": "1",
        "button_style": "btn btn--primary"
      }
    },
    "53337ab6-3f88-45e9-8fe2-7d55ee55a74a": {
      "type": "image-banner",
      "blocks": {
        "template--17646024294688__53337ab6-3f88-45e9-8fe2-7d55ee55a74a-16752469146a26910e-0": {
          "type": "heading",
          "settings": {
            "heading": "A visual sound",
            "heading_size": "h1",
            "heading_h1": false
          }
        },
        "template--17646024294688__53337ab6-3f88-45e9-8fe2-7d55ee55a74a-16752469146a26910e-1": {
          "type": "text",
          "settings": {
            "text": "<p>Top deals on home entertainment<\/p>",
            "enlarge_text": true
          }
        },
        "template--17646024294688__53337ab6-3f88-45e9-8fe2-7d55ee55a74a-16752469146a26910e-2": {
          "type": "button",
          "settings": {
            "button_1_label": "Shop now",
            "button_1_link": "",
            "button_1_style": "btn btn--primary",
            "button_2_label": "",
            "button_2_link": "",
            "button_2_style": "btn btn--primary"
          }
        }
      },
      "block_order": [
        "template--17646024294688__53337ab6-3f88-45e9-8fe2-7d55ee55a74a-16752469146a26910e-0",
        "template--17646024294688__53337ab6-3f88-45e9-8fe2-7d55ee55a74a-16752469146a26910e-1",
        "template--17646024294688__53337ab6-3f88-45e9-8fe2-7d55ee55a74a-16752469146a26910e-2"
      ],
      "settings": {
        "image_desktop": "",
        "image_mobile": "",
        "url": "",
        "height_mode": "fixed",
        "fixed_height_desktop": 640,
        "fixed_height_mobile": 250,
        "overlay_position": "justify-start items-center",
        "overlay_text_align": "text-start",
        "mob_center_text": true,
        "mobile_stacked": true,
        "color_scheme": "2",
        "full_width": true,
        "transparent_content_color": "#ffffff",
        "tint_color": "#000000",
        "tint_opacity": 10,
        "prevent_animation": false
      }
    },
    "c0877401-bf18-4a0d-a970-4846075a4d6f": {
      "type": "product-features",
      "blocks": {
        "template--17937594614048__c0877401-bf18-4a0d-a970-4846075a4d6f-1676478505ce30ce84-0": {
          "type": "feature",
          "settings": {
            "image": "",
            "heading": "Pixel perfect",
            "text": "<p>Immerse yourself in crystal-clear images and movies with the stunning 27\" 2560 x 1400 backlit LED screen.<\/p>",
            "content_align": "text-start",
            "hotspot_x": 24,
            "hotspot_y": 24
          }
        },
        "template--17937594614048__c0877401-bf18-4a0d-a970-4846075a4d6f-1676478505ce30ce84-1": {
          "type": "feature",
          "settings": {
            "image": "",
            "heading": "Powerful processing",
            "text": "<p>With a choice of Intel's 12th Gen i7-1260P or i5-1240P processors, it won't let you down.<\/p>",
            "content_align": "text-start",
            "hotspot_x": 84,
            "hotspot_y": 32
          }
        },
        "template--17937594614048__c0877401-bf18-4a0d-a970-4846075a4d6f-1676478505ce30ce84-2": {
          "type": "feature",
          "settings": {
            "image": "",
            "heading": "Rear I\/O connectors",
            "text": "<p>You're always connected, featuring x2 HDMI ports, x2 USB 3.2 Type A ports and x1 LAN port.<\/p>",
            "content_align": "text-start",
            "hotspot_x": 66,
            "hotspot_y": 66
          }
        }
      },
      "block_order": [
        "template--17937594614048__c0877401-bf18-4a0d-a970-4846075a4d6f-1676478505ce30ce84-0",
        "template--17937594614048__c0877401-bf18-4a0d-a970-4846075a4d6f-1676478505ce30ce84-1",
        "template--17937594614048__c0877401-bf18-4a0d-a970-4846075a4d6f-1676478505ce30ce84-2"
      ],
      "settings": {
        "show_content": true,
        "layout": "text_first",
        "text_align": "text-center",
        "mob_center_text": false,
        "heading_size": "h0",
        "enlarge_text": true,
        "image": "",
        "title": "The ultimate desktop",
        "description": "<p>Working hard has never looked this good<\/p>",
        "button_label": "Shop now",
        "button_link": "",
        "hotspot_color": "#ffffff",
        "color_scheme": "none",
        "button_style": "btn btn--primary"
      }
    },
    "44b64c8e-4ea7-4c35-96f3-42d82b3c2069": {
      "type": "newsletter",
      "blocks": {
        "template--17646024294688__44b64c8e-4ea7-4c35-96f3-42d82b3c2069-167517588875579705-0": {
          "type": "heading",
          "settings": {
            "heading": "Sign up and get 10% off",
            "heading_size": "h3"
          }
        },
        "template--17646024294688__44b64c8e-4ea7-4c35-96f3-42d82b3c2069-167517588875579705-1": {
          "type": "text",
          "settings": {
            "text": "<p>News, reviews & special offers<\/p>",
            "enlarge_text": true
          }
        },
        "template--17646024294688__44b64c8e-4ea7-4c35-96f3-42d82b3c2069-167517588875579705-2": {
          "type": "form",
          "settings": {}
        }
      },
      "block_order": [
        "template--17646024294688__44b64c8e-4ea7-4c35-96f3-42d82b3c2069-167517588875579705-0",
        "template--17646024294688__44b64c8e-4ea7-4c35-96f3-42d82b3c2069-167517588875579705-1",
        "template--17646024294688__44b64c8e-4ea7-4c35-96f3-42d82b3c2069-167517588875579705-2"
      ],
      "settings": {
        "overlay_position": "justify-center",
        "text_align": "text-center",
        "image": "",
        "color_scheme": "2",
        "full_width": true,
        "transparent_content_color": "#ffffff",
        "tint_color": "rgba(0,0,0,0)",
        "tint_opacity": 10
      }
    },
    "ff1b6812-c849-43f7-a4b7-6244fdb1f8d7": {
      "type": "featured-collection",
      "settings": {
        "title": "",
        "heading_align": "text-center",
        "show_view_all": false,
        "layout": "carousel",
        "card_size_mobile": "small",
        "card_size": "small",
        "products_to_show": 8,
        "show_highlight_products": false,
        "show_promo_info": true,
        "image": "",
        "image_ratio": "fill",
        "promo_title": "Rollbacks & more...",
        "content": "<p>Save big with 1,000's of Rollbacks! We're committed to bringing you the best electrical products, at the best prices.<\/p>",
        "link_url": "",
        "button_label": "Shop all Rollbacks",
        "color_scheme": "1",
        "button_style": "link"
      }
    },
    "badaf8ee-9f48-44d6-8bb1-2853448d1112": {
      "type": "link-lists",
      "blocks": {
        "template--17646024294688__badaf8ee-9f48-44d6-8bb1-2853448d1112-16751805018cd7f25c-0": {
          "type": "column",
          "settings": {
            "image": "",
            "heading": "Home Audio",
            "heading_bg_color": "#ff580d",
            "heading_text_color": "#ffffff",
            "button_label": "Shop all",
            "button_link": "#"
          }
        },
        "template--17646024294688__badaf8ee-9f48-44d6-8bb1-2853448d1112-16751805018cd7f25c-1": {
          "type": "column",
          "settings": {
            "image": "",
            "heading": "Smart Tech",
            "heading_bg_color": "#ff580d",
            "heading_text_color": "#ffffff",
            "button_label": "Shop all",
            "button_link": "#"
          }
        },
        "template--17646024294688__badaf8ee-9f48-44d6-8bb1-2853448d1112-16751805018cd7f25c-2": {
          "type": "column",
          "settings": {
            "image": "",
            "heading": "Digital Cameras",
            "heading_bg_color": "#ff580d",
            "heading_text_color": "#ffffff",
            "button_label": "Shop all",
            "button_link": "#"
          }
        },
        "b1587b2c-7619-4d47-bc2f-4a1b495a8476": {
          "type": "column",
          "settings": {
            "image": "",
            "heading": "Computing",
            "heading_bg_color": "#ff580d",
            "heading_text_color": "#ffffff",
            "button_label": "Shop all",
            "button_link": "#"
          }
        }
      },
      "block_order": [
        "template--17646024294688__badaf8ee-9f48-44d6-8bb1-2853448d1112-16751805018cd7f25c-0",
        "template--17646024294688__badaf8ee-9f48-44d6-8bb1-2853448d1112-16751805018cd7f25c-1",
        "template--17646024294688__badaf8ee-9f48-44d6-8bb1-2853448d1112-16751805018cd7f25c-2",
        "b1587b2c-7619-4d47-bc2f-4a1b495a8476"
      ],
      "settings": {
        "title": "Popular departments",
        "heading_align": "text-center",
        "button_label": "",
        "button_link": "",
        "layout": "carousel",
        "column_size": "small",
        "column_align": "left",
        "color_scheme": "2",
        "image_ratio": "1.77",
        "button_style": "btn--secondary"
      }
    },
    "7ff2d165-a729-4f5c-a6dc-805d6957f606": {
      "type": "faq",
      "blocks": {
        "template--17646024294688__7ff2d165-a729-4f5c-a6dc-805d6957f606-16751794779331fd75-0": {
          "type": "category",
          "settings": {
            "text": "Shipping"
          }
        },
        "template--17646024294688__7ff2d165-a729-4f5c-a6dc-805d6957f606-16751794779331fd75-1": {
          "type": "question",
          "settings": {
            "icon": "map_pin",
            "heading": "What countries do you ship to?",
            "text": "<p>We currently ship to the United States, Canada, Australia and the UK. To enquire about shipping to a different destination, please contact us.<\/p>"
          }
        },
        "template--17646024294688__7ff2d165-a729-4f5c-a6dc-805d6957f606-16751794779331fd75-2": {
          "type": "question",
          "settings": {
            "icon": "calendar",
            "heading": "How long will it take to receive my order?",
            "text": "<p>Standard shipping normally takes 3-5 days. Next day shipping is available on all domestic orders (for an additional charge). International shipping times depend on the products and destination (estimated at checkout).<\/p>"
          }
        },
        "template--17646024294688__7ff2d165-a729-4f5c-a6dc-805d6957f606-16751794779331fd75-3": {
          "type": "category",
          "settings": {
            "text": "Returns and Refunds"
          }
        },
        "template--17646024294688__7ff2d165-a729-4f5c-a6dc-805d6957f606-16751794779331fd75-4": {
          "type": "question",
          "settings": {
            "icon": "return",
            "heading": "How do I return a product?",
            "text": "<p>Items must be returned within 30 days after receiving your order. Items must be returned in the same condition in which they were received, be unworn\/unused, have any tags still attached, and include all the original packaging.<\/p>"
          }
        },
        "template--17646024294688__7ff2d165-a729-4f5c-a6dc-805d6957f606-16751794779331fd75-5": {
          "type": "question",
          "settings": {
            "icon": "dollar_sign",
            "heading": "How long will it take to receive my refund?",
            "text": "<p>Refunds are processed within 7 days from when we receive the item(s).<\/p>"
          }
        }
      },
      "block_order": [
        "template--17646024294688__7ff2d165-a729-4f5c-a6dc-805d6957f606-16751794779331fd75-0",
        "template--17646024294688__7ff2d165-a729-4f5c-a6dc-805d6957f606-16751794779331fd75-1",
        "template--17646024294688__7ff2d165-a729-4f5c-a6dc-805d6957f606-16751794779331fd75-2",
        "template--17646024294688__7ff2d165-a729-4f5c-a6dc-805d6957f606-16751794779331fd75-3",
        "template--17646024294688__7ff2d165-a729-4f5c-a6dc-805d6957f606-16751794779331fd75-4",
        "template--17646024294688__7ff2d165-a729-4f5c-a6dc-805d6957f606-16751794779331fd75-5"
      ],
      "settings": {
        "heading": "Help & Advice",
        "heading_align": "text-center",
        "color_scheme": "1",
        "full_width": true
      }
    },
    "a997f7ce-68e5-41c1-b2d6-9e0b87e5cc39": {
      "type": "featured-collection",
      "settings": {
        "title": "Featured products for you",
        "heading_align": "text-start",
        "show_view_all": true,
        "layout": "carousel",
        "card_size_mobile": "small",
        "card_size": "small",
        "products_to_show": 8,
        "show_highlight_products": false,
        "show_promo_info": false,
        "image_ratio": "1",
        "promo_title": "Promotion title",
        "content": "<p>Promotion text<\/p>",
        "link_url": "",
        "button_label": "Button",
        "color_scheme": "none",
        "button_style": "btn btn--secondary"
      }
    }
  },
  "order": [
    "bb7588e2-322e-49f2-87bb-8d05dd3697ec",
    "b7c18b78-f517-4220-a6c6-ff4ab88b41ff",
    "2cfe881f-8ca3-4df7-95e4-f5b39015d791",
    "8920e5de-3c38-4881-9157-068a30f16121",
    "2b6638e0-7b54-4420-a891-39abab8a2a2b",
    "aab03c2f-0b18-4a62-9280-a2026f9819a7",
    "eb683620-4832-4859-a362-dfff515f867c",
    "e831b750-ff21-4703-99e1-64199126c484",
    "bd2edc13-1805-4c10-b227-152a54f95ead",
    "d1557094-e1ff-483a-a831-ec47e3ac8583",
    "53337ab6-3f88-45e9-8fe2-7d55ee55a74a",
    "c0877401-bf18-4a0d-a970-4846075a4d6f",
    "44b64c8e-4ea7-4c35-96f3-42d82b3c2069",
    "ff1b6812-c849-43f7-a4b7-6244fdb1f8d7",
    "badaf8ee-9f48-44d6-8bb1-2853448d1112",
    "7ff2d165-a729-4f5c-a6dc-805d6957f606",
    "a997f7ce-68e5-41c1-b2d6-9e0b87e5cc39"
  ]
}
