{"sections":{"main":{"type":"main-product","blocks":{"vendor-sku":{"type":"vendor-sku","settings":{}},"product-labels":{"type":"product-labels","settings":{}},"title":{"type":"title","settings":{}},"price":{"type":"price","settings":{}},"divider-0":{"type":"divider","settings":{}},"variant-picker":{"type":"variant-picker","settings":{}},"divider-1":{"type":"divider","settings":{}},"buy-buttons":{"type":"buy-buttons","settings":{}},"message-1":{"type":"message","settings":{"icon":"clock","title":"<p><strong>Popular right now<br\/><\/strong>Lots of people have looked at this recently<\/p>","show_over_media":true,"visibility_duration":4}},"message-2":{"type":"message","settings":{"icon":"price_tag","title":"<p><strong>Selling fast!<br\/><\/strong>Grab yours while you can<\/p>","show_over_media":true,"visibility_duration":5}},"collapsible-content-1":{"type":"collapsible-content","settings":{"heading":"Care information","icon":"heart","text":"<p>Display general product information or specific product information using metafields.<\/p>"}},"collapsible-content-2":{"type":"collapsible-content","settings":{"heading":"Delivery and Shipping","icon":"truck","text":"<p>Add some general information about your delivery and shipping policies.<\/p>"}},"share":{"type":"share","settings":{}},"message-3":{"type":"message","settings":{"icon":"none","title":"<p>Add a stand out message for your customers<\/p>","close":"once","show_over_media":false}}},"block_order":["vendor-sku","product-labels","title","price","divider-0","variant-picker","divider-1","buy-buttons","message-1","message-2","collapsible-content-1","collapsible-content-2","share","message-3"],"settings":{"sticky_atc_panel":true,"border_color":"#eeeeee"}},"details":{"type":"product-details","blocks":{"highlight-text":{"type":"highlight-text","settings":{}},"tabs":{"type":"tabs","settings":{"style":"collapsible","show_description":true}},"payment-methods":{"type":"payment-methods","settings":{}}},"block_order":["highlight-text","tabs","payment-methods"],"settings":{}},"product-features":{"type":"product-features","blocks":{"product-features-feature-0":{"type":"feature","settings":{"hotspot_x":28,"hotspot_y":38}},"product-features-feature-1":{"type":"feature","settings":{"hotspot_x":60,"hotspot_y":29}},"product-features-feature-2":{"type":"feature","settings":{"hotspot_x":73,"hotspot_y":54}},"product-features-feature-3":{"type":"feature","settings":{"hotspot_x":50,"hotspot_y":66}}},"block_order":["product-features-feature-0","product-features-feature-1","product-features-feature-2","product-features-feature-3"],"settings":{"show_content":true,"layout":"text_first","text_align":"text-center","mob_center_text":false,"heading_size":"h1","enlarge_text":false,"title":"Product features","description":"<p>Use this section to highlight specific product features to your customers.<\/p>"}},"product-comparison-grid":{"type":"product-comparison-grid","blocks":{"comparison-product-1":{"type":"product","settings":{}},"comparison-vendor-2":{"type":"vendor","settings":{}},"comparison-price-3":{"type":"price","settings":{}},"comparison-description-4":{"type":"description","settings":{}}},"block_order":["comparison-product-1","comparison-vendor-2","comparison-price-3","comparison-description-4"],"settings":{}},"collection-list":{"type":"collection-list","blocks":{"collection-list-collection-1":{"type":"collection","settings":{}},"collection-list-collection-2":{"type":"collection","settings":{}},"collection-list-collection-3":{"type":"collection","settings":{}},"collection-list-collection-4":{"type":"collection","settings":{}},"collection-list-collection-5":{"type":"collection","settings":{}},"collection-list-collection-6":{"type":"collection","settings":{}}},"block_order":["collection-list-collection-1","collection-list-collection-2","collection-list-collection-3","collection-list-collection-4","collection-list-collection-5","collection-list-collection-6"],"settings":{"title":"Our Collections","heading_align":"text-start","layout":"carousel","card_size":"medium"}},"image-banner":{"type":"image-banner","blocks":{"image-banner-heading":{"type":"heading","settings":{}},"image-banner-text":{"type":"text","settings":{}},"image-banner-button":{"type":"button","settings":{}}},"block_order":["image-banner-heading","image-banner-text","image-banner-button"],"settings":{"height_mode":"fixed","fixed_height_desktop":640,"fixed_height_mobile":480,"mobile_stacked":false,"full_width":false}},"recommendations":{"type":"product-recommendations","settings":{}}},"order":["main","details","product-features","product-comparison-grid","collection-list","image-banner","recommendations"]}