{"sections":{"collection-banner":{"type":"main-collection-banner","settings":{"show_collection_title":true,"show_product_count":true,"show_collection_description":true,"text_align":"text-start","collection_image":"natural","use_product_image":false,"text_width":"standard","color_scheme":"default"}},"collection_list_QzW3TA":{"type":"collection-list","blocks":{"collection_cTiwxD":{"type":"collection","settings":{"collection":"bongs-in-waldbrol"}},"collection_ezQHKG":{"type":"collection","settings":{"collection":""}},"collection_BG9pkg":{"type":"collection","settings":{"collection":""}},"collection_NkbpAK":{"type":"collection","settings":{"collection":""}},"collection_NjRMi7":{"type":"collection","settings":{"collection":""}},"collection_Vz9wnA":{"type":"collection","settings":{"collection":""}}},"block_order":["collection_cTiwxD","collection_ezQHKG","collection_BG9pkg","collection_NkbpAK","collection_NjRMi7","collection_Vz9wnA"],"name":"Collection list","settings":{"title":"Collections","heading_align":"text-start","button_label":"","button_link":"","layout":"carousel","card_size":"small","use_product_image":false,"circle_image":true,"show_border":true,"color_scheme":"none","full_width":true}},"collection-products":{"type":"main-collection-products","settings":{"products_per_page":16,"card_size_mobile":"small","card_size":"medium","show_layout_toggle":true,"enable_filtering":true,"filters_open_lg":true,"stick_on_scroll":true,"show_filter_counts":false,"expand_filters":true,"max_filter_options":7,"enable_sorting":true,"show_feat_sort_opt":true,"sort_first":true}}},"order":["collection-banner","collection_list_QzW3TA","collection-products"]}