{"sections":{"collection-banner":{"type":"main-collection-banner","settings":{"show_collection_title":true,"show_product_count":true,"show_collection_description":true,"text_align":"items-center text-center","collection_image":"natural","use_product_image":false,"text_width":"standard","color_scheme":"default"}},"collection_list_QzW3TA":{"type":"collection-list","blocks":{"collection_NzqDRT":{"type":"collection","settings":{"collection":"bundels-wb","image":"shopify:\/\/shop_images\/7.webp"}},"collection_cTiwxD":{"type":"collection","settings":{"collection":"standard-bong-wb","image":"shopify:\/\/shop_images\/Bongs.png"}},"collection_ezQHKG":{"type":"collection","settings":{"collection":"beutel-tutchen-wb","image":"shopify:\/\/shop_images\/Grove-Bags-TerpLoc-Zip-Beutel-mit-Fenster-2.jpg"}},"collection_BG9pkg":{"type":"collection","settings":{"collection":"biotabs-wb","image":"shopify:\/\/shop_images\/BioTabs-Orgatrex-1-Liter.jpg"}},"collection_NkbpAK":{"type":"collection","settings":{"collection":"bong-chillum-diffusor-wb","image":"shopify:\/\/shop_images\/Schlitzdiffusor-Chillum-No-Logo-2.jpg"}},"collection_NjRMi7":{"type":"collection","settings":{"collection":"bong-kopf-schraubkopf-wb","image":"shopify:\/\/shop_images\/BL-Kopf-aus-Titan-fur-Zippsy-L.webp"}},"collection_Vz9wnA":{"type":"collection","settings":{"collection":"c-result-wb","image":"shopify:\/\/shop_images\/C-Result-1-Liter.jpg"}},"collection_y3NTyB":{"type":"collection","settings":{"collection":"canna-gm-canna-wb","image":"shopify:\/\/shop_images\/Canna-Cannazym-250mL.jpg"}},"collection_pRY3VF":{"type":"collection","settings":{"collection":"clean-urin-wb"}},"collection_mBzcWJ":{"type":"collection","settings":{"collection":"elektrische-vaporizer-wb","image":"shopify:\/\/shop_images\/Katalyzer-Weha-Vaporizer-2.jpg"}},"collection_wUbUtX":{"type":"collection","settings":{"collection":"erde-wb","image":"shopify:\/\/shop_images\/Erden.png"}},"collection_xEHRix":{"type":"collection","settings":{"collection":"grinder-wb","image":"shopify:\/\/shop_images\/Black-Leaf-CNC-Blumen-Grinder-5-tlg.jpg"}},"collection_taEgK7":{"type":"collection","settings":{"collection":"cocos-wb","image":"shopify:\/\/shop_images\/Plagron-Cocos-Premium-50-Liter.jpg"}},"collection_EKqtNG":{"type":"collection","settings":{"collection":"steinwolle-wb","image":"shopify:\/\/shop_images\/Steinwollblock-75cm-25cm-Loch.jpg"}},"collection_xJLyBw":{"type":"collection","settings":{"collection":"tabakersatz-wb"}},"collection_p6LGam":{"type":"collection","settings":{"collection":"waagen-wb","image":"shopify:\/\/shop_images\/BLscale-Professional-Digitalwaage-0001g-20g.jpg"}}},"block_order":["collection_NzqDRT","collection_cTiwxD","collection_ezQHKG","collection_BG9pkg","collection_NkbpAK","collection_NjRMi7","collection_Vz9wnA","collection_y3NTyB","collection_pRY3VF","collection_mBzcWJ","collection_wUbUtX","collection_xEHRix","collection_taEgK7","collection_EKqtNG","collection_xJLyBw","collection_p6LGam"],"name":"Collection list","settings":{"title":"Beliebte Kategorien","heading_align":"text-center","button_label":"","button_link":"","layout":"carousel","card_size":"small","use_product_image":false,"circle_image":true,"show_border":true,"color_scheme":"none","full_width":true}},"scrolling_banner_NHQhYB":{"type":"scrolling-banner","blocks":{"text_cGgfd8":{"type":"text","settings":{"text":"Kein Bock auf Versand? Jetzt online zahlen & in Waldbröl abholen!","link":"","font":"heading","heading_size":"h1"}}},"block_order":["text_cGgfd8"],"name":"Scrolling banner","settings":{"section_height":"medium","spacing":40,"speed":12,"direction":"normal","pausable":true,"color_scheme":"2","dividers":"none","prevent_animation":false}},"collection-products":{"type":"main-collection-products","settings":{"products_per_page":16,"card_size_mobile":"small","card_size":"medium","show_layout_toggle":true,"enable_filtering":true,"filters_open_lg":true,"stick_on_scroll":true,"show_filter_counts":false,"expand_filters":true,"max_filter_options":7,"enable_sorting":true,"show_feat_sort_opt":true,"sort_first":true}}},"order":["collection-banner","collection_list_QzW3TA","scrolling_banner_NHQhYB","collection-products"]}