{"sections":{"collection-banner":{"type":"main-collection-banner","settings":{"show_collection_title":true,"show_product_count":true,"show_collection_description":true,"text_align":"text-start","collection_image":"natural","use_product_image":false,"text_width":"standard","color_scheme":"default"}},"collection-products":{"type":"main-collection-products","settings":{"products_per_page":16,"card_size_mobile":"small","card_size":"medium","show_layout_toggle":true,"enable_filtering":true,"filters_open_lg":true,"stick_on_scroll":true,"show_filter_counts":false,"expand_filters":true,"max_filter_options":7,"enable_sorting":true,"show_feat_sort_opt":true,"sort_first":true}}},"order":["collection-banner","collection-products"]}