{"sections":{"collection-banner":{"type":"main-collection-banner","settings":{"show_collection_title":true,"show_product_count":true,"show_collection_description":true,"text_align":"items-center text-center","collection_image":"natural","use_product_image":false,"text_width":"standard","color_scheme":"default"}},"collection_list_QzW3TA":{"type":"collection-list","blocks":{"collection_cTiwxD":{"type":"collection","settings":{"collection":"bundels-gm"}},"collection_ezQHKG":{"type":"collection","settings":{"collection":"bongs-in-waldbrol","image":"shopify:\/\/shop_images\/BL-Baby-Bongbastic-Kofferbong-Baumper-KrauterOl-2.jpg"}},"collection_BG9pkg":{"type":"collection","settings":{"collection":"beutel-tutchen-gm","image":"shopify:\/\/shop_images\/Grove-Bags-TerpLoc-Zip-Beutel-mit-Fenster-2.jpg"}},"collection_NkbpAK":{"type":"collection","settings":{"collection":"c-result-1","image":"shopify:\/\/shop_images\/C-Result-1-Liter.jpg"}},"collection_NjRMi7":{"type":"collection","settings":{"collection":"clean-urin-gm"}},"collection_Vz9wnA":{"type":"collection","settings":{"collection":"canna-gm","image":"shopify:\/\/shop_images\/Canna-Boost-1-Liter.jpg"}},"collection_HQR3MC":{"type":"collection","settings":{"collection":"erde-gm","image":"shopify:\/\/shop_images\/Erden.png"}},"collection_DQGD87":{"type":"collection","settings":{"collection":"bong-chillum-diffusor-gm","image":"shopify:\/\/shop_images\/Schlitzdiffusor-Chillum-No-Logo-2.jpg"}},"collection_dmG6dJ":{"type":"collection","settings":{"collection":"bong-kopf-schraubkopf-gm","image":"shopify:\/\/shop_images\/BL-Kopf-aus-Titan-fur-Zippsy-L.webp"}},"collection_fnCpFD":{"type":"collection","settings":{"collection":"grinder-gm","image":"shopify:\/\/shop_images\/Black-Leaf-CNC-Blumen-Grinder-5-tlg.jpg"}},"collection_PANTEW":{"type":"collection","settings":{"collection":"kokos-gm","image":"shopify:\/\/shop_images\/Plagron-Cocos-Premium-50-Liter.jpg"}},"collection_nrFRcy":{"type":"collection","settings":{"collection":"steinwolle-gm","image":"shopify:\/\/shop_images\/Steinwollblock-75cm-25cm-Loch.jpg"}},"collection_YYbQNt":{"type":"collection","settings":{"collection":"tabakersatz"}},"collection_mQGzfH":{"type":"collection","settings":{"collection":"waagen-gm","image":"shopify:\/\/shop_images\/BLscale-Professional-Digitalwaage-0001g-20g-2.jpg"}},"collection_8mXf8f":{"type":"collection","settings":{"collection":"elektrische-vaporizer-gm","image":"shopify:\/\/shop_images\/Katalyzer-Weha-Vaporizer-2.jpg"}},"collection_caGBMN":{"type":"collection","settings":{"collection":"biotabs-gm","image":"shopify:\/\/shop_images\/BioTabs-Orgatrex-1-Liter.jpg"}}},"block_order":["collection_cTiwxD","collection_ezQHKG","collection_BG9pkg","collection_NkbpAK","collection_NjRMi7","collection_Vz9wnA","collection_HQR3MC","collection_DQGD87","collection_dmG6dJ","collection_fnCpFD","collection_PANTEW","collection_nrFRcy","collection_YYbQNt","collection_mQGzfH","collection_8mXf8f","collection_caGBMN"],"name":"Collection list","settings":{"title":"Beliebte Kategorien","heading_align":"text-center","button_label":"","button_link":"","layout":"carousel","card_size":"small","use_product_image":false,"circle_image":true,"show_border":true,"color_scheme":"none","full_width":true}},"scrolling_banner_mcLQt8":{"type":"scrolling-banner","blocks":{"text_9LKPbi":{"type":"text","settings":{"text":"Kein Bock auf Versand? Jetzt online zahlen & in Gummersbach abholen!","link":"","font":"heading","heading_size":"h1"}}},"block_order":["text_9LKPbi"],"name":"Scrolling banner","settings":{"section_height":"medium","spacing":40,"speed":12,"direction":"normal","pausable":true,"color_scheme":"2","dividers":"none","prevent_animation":false}},"collection-products":{"type":"main-collection-products","settings":{"products_per_page":16,"card_size_mobile":"small","card_size":"medium","show_layout_toggle":true,"enable_filtering":true,"filters_open_lg":true,"stick_on_scroll":true,"show_filter_counts":false,"expand_filters":true,"max_filter_options":7,"enable_sorting":true,"show_feat_sort_opt":true,"sort_first":true}}},"order":["collection-banner","collection_list_QzW3TA","scrolling_banner_mcLQt8","collection-products"]}