{"sections":{"main":{"type":"main-product","blocks":{"spin_studio_360_product_spin_spinstudio_Dp4nWe":{"type":"shopify:\/\/apps\/spin-studio-360-product-spin\/blocks\/spinstudio\/caf4b6a9-7642-4e66-bcf7-11d11c83cff2","settings":{"product":"grow-grandios-starter-set"}},"vendor-style":{"type":"custom-liquid","settings":{"custom_liquid":"<style>\na[href^=\"\/collections\/vendors\"] {\n  color: #000 !important;\n}\na[href^=\"\/collections\/vendors\"]:hover {\n  color: #f3572a !important;\n  text-decoration: underline;\n}\n<\/style>"}},"vendor-sku":{"type":"vendor-sku","settings":{"show_vendor":true,"show_sku":true,"show_barcode":true}},"product-labels":{"type":"product-labels","settings":{}},"title":{"type":"title","settings":{"show_weight":false}},"price":{"type":"price","settings":{"show_tax_and_shipping":true}},"custom_liquid_qDYMfV":{"type":"custom-liquid","settings":{"custom_liquid":"{% if product.metafields.custom.unit and product.metafields.custom.unit != blank %}\n  {% assign unit_raw = product.metafields.custom.unit | strip | downcase %}\n  {% assign unit_clean = unit_raw | remove: \" \" %}\n  {% assign quantity_str = unit_clean \n    | remove: \"milliliter\" \n    | remove: \"ml\" \n    | remove: \"liter\" \n    | remove: \"l\" \n    | remove: \"kilogramm\" \n    | remove: \"kilogram\" \n    | remove: \"kg\" \n    | remove: \"gramm\" \n    | remove: \"gram\" \n    | remove: \"g\"\n    | remove: \"stk\"\n    | remove: \"stück\"\n    | remove: \"st\" %}\n  {% assign quantity = quantity_str | plus: 0 %}\n  {% assign unit_type = unit_clean | remove: quantity_str %}\n  {% assign standard_unit = \"\" %}\n  {% assign converted_quantity = 0 %}\n  \n  {% if unit_type == \"ml\" or unit_type == \"milliliter\" %}\n    {% assign converted_quantity = quantity | times: 0.001 %}\n    {% assign standard_unit = \"Liter\" %}\n  {% elsif unit_type == \"l\" or unit_type == \"liter\" %}\n    {% assign converted_quantity = quantity %}\n    {% assign standard_unit = \"Liter\" %}\n  {% elsif unit_type == \"g\" or unit_type == \"gram\" or unit_type == \"gramm\" %}\n    {% assign converted_quantity = quantity | times: 0.001 %}\n    {% assign standard_unit = \"Kilogramm\" %}\n  {% elsif unit_type == \"kg\" or unit_type == \"kilogram\" or unit_type == \"kilogramm\" %}\n    {% assign converted_quantity = quantity %}\n    {% assign standard_unit = \"Kilogramm\" %}\n  {% elsif unit_type == \"st\" or unit_type == \"stk\" or unit_type == \"stück\" %}\n    {% if quantity == 0 %}\n      {% assign quantity = 1 %}\n    {% endif %}\n    {% assign converted_quantity = quantity %}\n    {% assign standard_unit = \"Stück\" %}\n  {% endif %}\n  \n  {% if converted_quantity > 0 and standard_unit != \"\" %}\n    {% assign variant_price = product.selected_or_first_available_variant.price | plus: 0 %}\n    {% assign base_price = variant_price | divided_by: converted_quantity %}\n    <div class=\"base-price\" style=\"margin-top:10px;\">\n      {{ base_price | money }} inkl. MwSt. pro {{ standard_unit }}\n    <\/div>\n  {% endif %}\n{% endif %}"}},"divider-0":{"type":"divider","settings":{"show_line":true,"spacing":"mt-8 mb-8"}},"variant-picker":{"type":"variant-picker","settings":{"selector_style":"buttons","enable_dynamic_availability":true,"dynamic_availability_downwards":false,"show_backorder_text":true,"enable_size_chart":false,"size_chart_variant":"Size","size_chart_page":""}},"divider-1":{"type":"divider","settings":{"show_line":true,"spacing":"mt-8 mb-8"}},"buy-buttons":{"type":"buy-buttons","settings":{"show_qty_selector":true,"enable_dynamic_checkout":true,"show_pickup_availability":true,"show_gift_card_recipient":false}},"message-1":{"type":"message","settings":{"icon":"clock","title":"<p><strong>Popular right now<br\/><\/strong>Lots of people have looked at this recently<\/p>","close":"once","show_over_media":true,"visibility_duration":4,"bg_color":"#e4edfa","text_color":"#1a66d2"}},"message-2":{"type":"message","settings":{"icon":"price_tag","title":"<p><strong>Selling fast!<br\/><\/strong>Grab yours while you can<\/p>","close":"once","show_over_media":true,"visibility_duration":5,"bg_color":"#e4edfa","text_color":"#1a66d2"}},"collapsible-content-1":{"type":"collapsible-content","settings":{"heading":"Care information","icon":"heart","text":"<p>Display general product information or specific product information using metafields.<\/p>","page":"","open":false}},"collapsible-content-2":{"type":"collapsible-content","settings":{"heading":"Delivery and Shipping","icon":"truck","text":"<p>Add some general information about your delivery and shipping policies.<\/p>","page":"","open":false}},"share":{"type":"share","settings":{}},"message-3":{"type":"message","settings":{"icon":"none","title":"<p>Add a stand out message for your customers<\/p>","close":"once","show_over_media":false,"visibility_duration":7,"bg_color":"#e4edfa","text_color":"#1a66d2"}}},"block_order":["spin_studio_360_product_spin_spinstudio_Dp4nWe","vendor-style","vendor-sku","product-labels","title","price","custom_liquid_qDYMfV","divider-0","variant-picker","divider-1","buy-buttons","message-1","message-2","collapsible-content-1","collapsible-content-2","share","message-3"],"settings":{"stick_on_scroll":true,"sticky_atc_panel":true,"sticky_atc_position":"end","sticky_atc_mobile":true,"media_layout":"stacked","media_size":"default","media_ratio":"1","media_crop":"none","hover_zoom":"large","enable_video_looping":false,"stacked_scroll":"always","underline_active":true,"media_thumbs":"desktop","thumb_ratio":"1","thumb_crop":"none","media_arrows":"desktop","show_slide_count":true,"border_color":"#eeeeee","bg_color":"#f4f4f4","enable_media_grouping":false,"media_grouping_option":"Color,Colour,Couleur,Farbe"}},"details":{"type":"product-details","blocks":{"tabs":{"type":"tabs","settings":{"style":"collapsible","open_first":false,"show_description":true,"show_reviews":false,"custom_reviews":"","show_specification":true,"spec_metafields":"<div id=\"addributes\"><\/div>","spec_right_align":true,"spec_show_empty_metafields":true,"spec_empty_field_text":"","tab_1_title":"","tab_1_text":"","tab_1_page":"","tab_2_title":"","tab_2_text":"","tab_2_page":"","tab_3_title":"","tab_3_text":"","tab_3_page":""}},"payment-methods":{"type":"payment-methods","settings":{"title":"Payment & Security","title1":"Payment methods","show_payment_icons":true,"text1":"<p>Your payment information is processed securely. We do not store credit card details nor have access to your credit card information.<\/p>","title2":"","text2":""}}},"block_order":["tabs","payment-methods"],"settings":{}},"product-features":{"type":"product-features","blocks":{"product-features-feature-0":{"type":"feature","settings":{"heading":"Feature name","text":"<p>Add some text describing the product feature.<\/p>","content_align":"text-start","hotspot_x":28,"hotspot_y":38}},"product-features-feature-1":{"type":"feature","settings":{"heading":"Feature name","text":"<p>Add some text describing the product feature.<\/p>","content_align":"text-start","hotspot_x":60,"hotspot_y":29}},"product-features-feature-2":{"type":"feature","settings":{"heading":"Feature name","text":"<p>Add some text describing the product feature.<\/p>","content_align":"text-start","hotspot_x":73,"hotspot_y":54}},"product-features-feature-3":{"type":"feature","settings":{"heading":"Feature name","text":"<p>Add some text describing the product feature.<\/p>","content_align":"text-start","hotspot_x":50,"hotspot_y":66}}},"block_order":["product-features-feature-0","product-features-feature-1","product-features-feature-2","product-features-feature-3"],"settings":{"product":"","show_content":true,"layout":"text_first","text_align":"text-center","mob_center_text":false,"heading_size":"h1","enlarge_text":false,"title":"Product features","description":"<p>Use this section to highlight specific product features to your customers.<\/p>","button_label":"","button_link":"","hotspot_color":"#070707","color_scheme":"none","button_style":"btn btn--primary"}},"product-comparison-grid":{"type":"product-comparison-grid","blocks":{"comparison-product-1":{"type":"product","settings":{"show_image":true,"show_title":true,"show_button":true}},"comparison-vendor-2":{"type":"vendor","settings":{}},"comparison-price-3":{"type":"price","settings":{}},"comparison-description-4":{"type":"description","settings":{"truncate_description":false,"words_to_show":20}}},"block_order":["comparison-product-1","comparison-vendor-2","comparison-price-3","comparison-description-4"],"settings":{"heading":"Product comparison grid","text":"<p>Add content here to explain a bit about the range of products on offer and which ones may be most suitable for your customers.<\/p>","heading_align":"text-center","view_more_label":"View more","view_more_link":"","product_list":[],"empty_field_text":"-","image_ratio":"shortest","image_crop":"center","num_rows":0,"color_scheme":"none","highlight_row":false}},"collection-list":{"type":"collection-list","blocks":{"collection-list-collection-1":{"type":"collection","settings":{"collection":""}},"collection-list-collection-2":{"type":"collection","settings":{"collection":""}},"collection-list-collection-3":{"type":"collection","settings":{"collection":""}},"collection-list-collection-4":{"type":"collection","settings":{"collection":""}},"collection-list-collection-5":{"type":"collection","settings":{"collection":""}},"collection-list-collection-6":{"type":"collection","settings":{"collection":""}}},"block_order":["collection-list-collection-1","collection-list-collection-2","collection-list-collection-3","collection-list-collection-4","collection-list-collection-5","collection-list-collection-6"],"settings":{"title":"Our Collections","heading_align":"text-start","button_label":"","button_link":"","layout":"carousel","card_size":"medium","use_product_image":false,"circle_image":true,"show_border":true,"color_scheme":"none","full_width":true}},"image-banner":{"type":"image-banner","blocks":{"image-banner-heading":{"type":"heading","settings":{"heading":"Image banner","heading_size":"h1","heading_h1":false}},"image-banner-text":{"type":"text","settings":{"text":"<p>Share information about your brand with your customers. Describe a product, make announcements, or welcome customers to your store.<\/p>","enlarge_text":true}},"image-banner-button":{"type":"button","settings":{"button_1_label":"Optional button","button_1_link":"","button_1_style":"btn btn--primary","button_2_label":"Optional button","button_2_link":"","button_2_style":"btn btn--primary"}}},"block_order":["image-banner-heading","image-banner-text","image-banner-button"],"settings":{"url":"","height_mode":"fixed","fixed_height_desktop":640,"fixed_height_mobile":480,"overlay_position":"justify-center items-center","overlay_text_align":"text-center","mob_center_text":false,"mobile_stacked":false,"color_scheme":"white","full_width":false,"transparent_content_color":"#ffffff","tint_color":"#000000","tint_opacity":40,"prevent_animation":false}},"recommendations":{"type":"product-recommendations","settings":{"heading":"You may also like","heading_align":"text-start","layout":"carousel","card_size_mobile":"small","card_size":"small","products_to_show":8}},"1740157183b06c235b":{"type":"apps","settings":{"full_width":false}}},"order":["main","details","product-features","product-comparison-grid","collection-list","image-banner","recommendations","1740157183b06c235b"]}