{"sections":{"main":{"type":"main-cart","settings":{"show_page_title":true,"heading_align":"text-start","show_backorder_text":true,"show_vendor":true,"show_order_note":true,"show_tax_and_shipping":true,"show_additional_checkout_buttons":true,"cart_terms_page":"","continue_shopping_page":"","show_shipping_calculator":false,"shipping_calculator_default_country":""}},"recently_viewed_YCYMza":{"type":"recently-viewed","name":"Recently viewed products","settings":{"heading":"Darf in deiner Bestellung nicht fehlen","heading_align":"text-center","layout":"carousel","card_size_mobile":"small","card_size":"small","limit":10}}},"order":["main","recently_viewed_YCYMza"]}