{"sections":{"slideshow":{"type":"slideshow","blocks":{"slide_iLiaTM":{"type":"slide","settings":{"image_desktop":"shopify:\/\/shop_images\/Banner_Desktop1.png","image_mobile":"shopify:\/\/shop_images\/Banner_Mobile_Grow.webp","url":"","overlay_position":"justify-center items-center","overlay_text_align":"text-center","mob_center_text":false,"subheading":"Entdecke das","heading":"Grow Sortiment","heading_size":"h0","heading_h1":false,"text":"","enlarge_text":true,"button_1_label":"","button_1_link":"","button_1_style":"btn btn--primary","button_2_label":"","button_2_link":"","button_2_style":"btn btn--primary"}},"slide-1":{"type":"slide","settings":{"image_desktop":"shopify:\/\/shop_images\/Banner_Desktop_Duenger.webp","image_mobile":"shopify:\/\/shop_images\/Banner_Mobile_Duenger.webp","url":"","overlay_position":"justify-center items-center","overlay_text_align":"text-center","mob_center_text":false,"subheading":"Entdecke die","heading":"Premium Dünger","heading_size":"h0","heading_h1":false,"text":"","enlarge_text":true,"button_1_label":"Zum Sortiement","button_1_link":"shopify:\/\/collections\/c-result","button_1_style":"btn btn--primary","button_2_label":"","button_2_link":"\/","button_2_style":"btn btn--primary"}},"slide-2":{"type":"slide","settings":{"image_desktop":"shopify:\/\/shop_images\/Banner_Desktop4.png","image_mobile":"shopify:\/\/shop_images\/Banner_Mobile4.png","url":"","overlay_position":"justify-center items-center","overlay_text_align":"text-center","mob_center_text":false,"subheading":"Entdecke das","heading":"Head Sortiment","heading_size":"h0","heading_h1":false,"text":"","enlarge_text":true,"button_1_label":"","button_1_link":"","button_1_style":"btn btn--primary","button_2_label":"","button_2_link":"","button_2_style":"btn btn--primary"}},"slide_V6CWTM":{"type":"slide","settings":{"image_desktop":"shopify:\/\/shop_images\/Banner_Desktop3.png","image_mobile":"shopify:\/\/shop_images\/Banner_Mobile3.png","url":"","overlay_position":"justify-center items-center","overlay_text_align":"text-center","mob_center_text":false,"subheading":"Entdecke unsere","heading":"Hanfsamen","heading_size":"h0","heading_h1":false,"text":"","enlarge_text":true,"button_1_label":"Zum Sortiement","button_1_link":"shopify:\/\/collections\/hanfsamen","button_1_style":"btn btn--primary","button_2_label":"","button_2_link":"","button_2_style":"btn btn--primary"}},"slide_KFw6yx":{"type":"slide","settings":{"image_desktop":"shopify:\/\/shop_images\/Design_ohne_Titel_1_fbc952b2-3955-4b1b-b05c-fdea9d17ebca.png","image_mobile":"shopify:\/\/shop_images\/Design_ohne_Titel_51bde075-e8e1-4d1e-91de-ad713732f885.png","url":"shopify:\/\/pages\/tiktok-affiliate-programm","overlay_position":"justify-center items-center","overlay_text_align":"text-center","mob_center_text":false,"subheading":"Entdecke das","heading":"TikTok Affiliate Programm","heading_size":"h2","heading_h1":false,"text":"","enlarge_text":false,"button_1_label":"Zum Affiliate Programm","button_1_link":"shopify:\/\/pages\/tiktok-affiliate-programm","button_1_style":"btn btn--primary","button_2_label":"","button_2_link":"","button_2_style":"btn btn--primary"}}},"block_order":["slide_iLiaTM","slide-1","slide-2","slide_V6CWTM","slide_KFw6yx"],"settings":{"height_mode":"auto","fixed_height_desktop":600,"fixed_height_mobile":350,"mobile_stacked":false,"nav_style":"slideshow_nav_lines","pagination_color":"#ffffff","nav_position":"justify-center","transition":"slide-fade","autoplay":true,"slider_pause":true,"autoplay_speed":3,"color_scheme":"white","full_width":true,"tint_color":"#2a2b2a","tint_opacity":40,"button_1_bg_color":"#f3572a","button_1_text_color":"#ffffff","button_1_bg_color_hover":"#f3572a","button_1_text_color_hover":"#ffffff","button_2_bg_color":"#000000","button_2_text_color":"#ffffff","button_2_bg_color_hover":"#333333","button_2_text_color_hover":"#ffffff","accessibility_info":"","prevent_animation":true}},"collection-list":{"type":"collection-list","blocks":{"collection-0":{"type":"collection","settings":{"collection":"ac-infinity","image":"shopify:\/\/shop_images\/AC-Infinity-CLOUDLAB-866-Advance-Grow-Zelt-150x150.jpg"}},"collection-1":{"type":"collection","settings":{"collection":"c-result","image":"shopify:\/\/shop_images\/C-Result-AB-2x-1-Liter.jpg"}},"collection-2":{"type":"collection","settings":{"collection":"hanfsamen","image":"shopify:\/\/shop_images\/Sensi-Seeds-Jack-Herer-Reg_-10St_f98ca7ec-397f-4abf-8906-250c56f50877.jpg"}},"collection-3":{"type":"collection","settings":{"collection":"bongs-nach-arten","image":"shopify:\/\/shop_images\/Bongs.png"}},"collection-4":{"type":"collection","settings":{"collection":"erde","image":"shopify:\/\/shop_images\/Plagron-Euro-Pebbles-10-Liter.jpg"}},"collection-5":{"type":"collection","settings":{"collection":"bloomstar","image":"shopify:\/\/shop_images\/BloomStar-FLUXshield-Habibi-150-50W-Vollspektrum.jpg"}},"collection-6":{"type":"collection","settings":{"collection":"aktivkohlefilter","image":"shopify:\/\/shop_images\/AC-Infinity-Aktivkohlefilter-150-mm.jpg"}},"collection_jxA7K9":{"type":"collection","settings":{"collection":"filter-tips","image":"shopify:\/\/shop_images\/GIZEH-RAINBOW-Active-Filter-6mm.jpg"}},"collection_3btAGy":{"type":"collection","settings":{"collection":"grinder","image":"shopify:\/\/shop_images\/Aluminium-Fenster-Grinder-4-tlg_-LEAF.jpg"}},"collection_9ewtEq":{"type":"collection","settings":{"collection":"bubbler","image":"shopify:\/\/shop_images\/BLAZE-Bubbler-DNA.jpg"}}},"block_order":["collection-0","collection-1","collection-2","collection-3","collection-4","collection-5","collection-6","collection_jxA7K9","collection_3btAGy","collection_9ewtEq"],"custom_css":["\/* == Alle Links schwarz, Hover #65ad07 == *\/a,a:link,a:visited {color: #000000 !important; text-decoration: none;}","a:hover,a:focus,a:active {color: #65ad07 !important; text-decoration: underline;}"],"settings":{"title":"","heading_align":"text-start","button_label":"","button_link":"","layout":"carousel","card_size":"small","use_product_image":false,"circle_image":true,"show_border":true,"color_scheme":"none","full_width":true}},"countdown-timer":{"type":"countdown-timer","blocks":{"countdown-heading-0":{"type":"heading","settings":{"heading":"Grand Opening Sale 30%","heading_size":"h3","heading_h1":false}},"countdown-text-1":{"type":"text","settings":{"text":"","enlarge_text":true}},"countdown-countdown-2":{"type":"countdown","settings":{"end_date":"","end_time":"","end_text":"","enlarge_end_text":false,"hide_on_end":false}}},"block_order":["countdown-heading-0","countdown-text-1","countdown-countdown-2"],"settings":{"height_mode":"fixed","fixed_height_desktop":600,"fixed_height_mobile":350,"overlay_position":"justify-center","text_align":"text-center","mob_center_text":false,"countdown_size":"24","use_custom_colors":false,"count_color":"#ffffff","bg_color":"#070707","color_scheme":"2","full_width":true,"tint_color":"#000000","tint_opacity":20}},"product_features_W4YAMF":{"type":"product-features","blocks":{"feature_iQkRn7":{"type":"feature","settings":{"heading":"Beleuchtung & Filter","text":"<p>✔️ <strong>Black Panther LED-Lampe<\/strong><br\/>(720 Watt, stufenlos regelbar) – Effiziente & energiesparende LED-Technologie für maximale Erträge.<br\/><br\/>✔️ <strong>Prima Klima ECO Edition Carbon Filter<\/strong> (170m³\/h, 100mm Flansch) – Neutralisiert Gerüche zuverlässig.<\/p>","content_align":"text-start","hotspot_x":43,"hotspot_y":26,"hotspot_x_mobile":41,"hotspot_y_mobile":25}},"feature_yz9Bpj":{"type":"feature","settings":{"heading":"Anzucht & Zubehör","text":"<p>✔️ <strong>Thermo-Hygrometer<\/strong> <br\/>(2 Messpunkte, Min\/Max Speicher) – Präzise Überwachung von Temperatur & Luftfeuchtigkeit..<\/p><p>✔️ <strong>Profi Gartenschere<\/strong> <br\/>Präzise Schnitte für gesundes Pflanzenwachstum.<\/p><p>✔️ <strong>Messbecher (250 ml) & Pipette<\/strong><br\/>Exakte Dosierung der Nährstoffe.<\/p><p>✔️ <strong>Düngerschema-Tabelle<\/strong><br\/>Leicht verständliche Anleitung für die optimale Versorgung deiner Pflanzen.<\/p>","content_align":"text-start","hotspot_x":51,"hotspot_y":77,"hotspot_x_mobile":51,"hotspot_y_mobile":83}},"feature_QxBQEC":{"type":"feature","settings":{"heading":"Erde & Nährstoffe","text":"<p>✔️ <strong>2x 50 Liter BioBizz Lightmix<\/strong> <br\/>Lockere, nährstoffreiche Erde für ein starkes Wurzelwachstum.<\/p><p><br\/>✔️ <strong>C Result A & B (je 1 Liter)<\/strong> <br\/>Essenzielle Nährstoffe für kräftige Pflanzen.<\/p><p><br\/>✔️ <strong>C Led (250 ml)<\/strong> <br\/>Spezialdünger für optimales Wachstum unter LED-Licht.<\/p>","content_align":"text-start","hotspot_x":54,"hotspot_y":63,"hotspot_x_mobile":51,"hotspot_y_mobile":68}},"feature_Ninjm8":{"type":"feature","settings":{"heading":"Belüftung","text":"<p>✔️ <strong>Taifun 2-Speed Inline Ventilator<\/strong> (145\/187m³\/h, 100mm Flansch) Leistungsstarke Belüftung für optimales Klima.<\/p><p><br\/>✔️ <strong>Garden Highpro Schwenkventilator<\/strong> <br\/>(20 Watt, Ø20 cm, mit Stangenclip) <br\/>Fördert eine gleichmäßige Luftzirkulation.<\/p>","content_align":"text-start","hotspot_x":57,"hotspot_y":31,"hotspot_x_mobile":65,"hotspot_y_mobile":31}},"feature_8jdA6B":{"type":"feature","settings":{"heading":"Growbox & Abluft","text":"<p>✔️ <strong>Homebox Ambient<\/strong> <br\/>(120 x 120 x 200 cm) – Robuste, lichtdichte Growbox mit optimaler Reflexion für bestes Wachstum.<br\/><br\/>✔️ <strong>2 Meter Ø100mm Abluftschlauch<\/strong> Flexibel & leicht installierbar.<\/p><p><br\/>✔️ <strong>Schlauchschelle Ø60-135mm<\/strong>  <br\/>Sichere Verbindung für den Abluftschlauch<\/p>","content_align":"text-start","hotspot_x":50,"hotspot_y":43,"hotspot_x_mobile":50,"hotspot_y_mobile":45}},"feature_g3jXKV":{"type":"feature","settings":{"heading":"Töpfe","text":"<p>✔️ <strong>6x Torfquelltöpfe<\/strong> <br\/>Perfekt für eine schnelle und gesunde Keimung.<\/p><p>✔️ <strong>Pflanzenstütznetz<\/strong> <br\/>Unterstützt das Pflanzenwachstum und verbessert die Stabilität.<\/p><p>✔️ <strong>6x 14L eckige Kunststoff-Töpfe + passende Untersetzer<\/strong> <br\/>Stabile Pflanzgefäße für kräftige Wurzeln.<\/p>","content_align":"text-start","hotspot_x":43,"hotspot_y":80,"hotspot_x_mobile":38,"hotspot_y_mobile":84}}},"block_order":["feature_iQkRn7","feature_yz9Bpj","feature_QxBQEC","feature_Ninjm8","feature_8jdA6B","feature_g3jXKV"],"custom_css":["\/* --- Primary Buttons: Text + Icons weiß ----------------------------------- *\/.button--primary,.btn--primary,.button-primary {color: #fff !important; \/* Textfarbe *\/}",".button--primary svg,.btn--primary svg,.button-primary svg {stroke: #fff !important; \/* Linien-\/Pfeil-Icons *\/ fill: #fff !important; \/* gefüllte Icons, falls vorhanden *\/}"," \/* -------------------------------------------------------------------------- *\/"],"settings":{"product":"grow-grandios-starter-set","show_content":true,"layout":"text_first","text_align":"text-center","mob_center_text":true,"heading_size":"h2","enlarge_text":false,"image_desktop":"shopify:\/\/shop_images\/Banner_Growzelt2.webp","image_mobile":"shopify:\/\/shop_images\/Banner_Zelt_Mobile.webp","title":"Grow Grandios Starter Set","description":"<p><strong>Dein Rundum Sorglos Paket für erfolgreiches Indoor Growing!<\/strong><\/p>","button_label":"Jetzt Kaufen","button_link":"shopify:\/\/collections\/grow-kompletteste-starter","hotspot_color":"#2a2b2a","color_scheme":"1","button_style":"btn btn--primary"}},"image-banner":{"type":"image-banner","blocks":{"banner-heading":{"type":"heading","settings":{"heading":"Grow it. Smoke it. Live it.","heading_size":"h1","heading_h1":false}}},"block_order":["banner-heading"],"settings":{"image_desktop":"shopify:\/\/shop_images\/Banner_Desktop.png","url":"","height_mode":"fixed","fixed_height_desktop":650,"fixed_height_mobile":350,"overlay_position":"justify-center items-center","overlay_text_align":"text-center","mob_center_text":false,"mobile_stacked":false,"color_scheme":"white","full_width":true,"transparent_content_color":"#ffffff","tint_color":"#000000","tint_opacity":15,"prevent_animation":false}},"promo-grid":{"type":"promo-grid","blocks":{"promo-media-0":{"type":"media","settings":{"image":"shopify:\/\/shop_images\/3_bdde887a-fbc3-4a9f-998e-99e496f8b861.png","link_url":"shopify:\/\/products\/starter-set-grun","columns":2,"rows":1,"line1_text":"Spare","line1_text_type_scale":"text-h6","line2_text":"50%","line2_text_type_scale":"text-h4","line3_text":"","line3_text_type_scale":"text-h6","overlay_position":"justify-start items-start","text_alignment":"text-center","promo_circle":true,"background_color":"#e32b2b","text_color":"#ffffff","subheading":"Starter Bundle","link_text":"Alle Bundels","text_type_scale":"h6","tint_color":"#000000","tint_opacity":10}},"promo-media-1":{"type":"media","settings":{"image":"shopify:\/\/shop_images\/Design_ohne_Titel_4_ad529465-d64f-41f2-8627-3e844e140413.png","link_url":"shopify:\/\/products\/starter-set-pink","columns":2,"rows":1,"line1_text":"Spare","line1_text_type_scale":"text-h6","line2_text":"50%","line2_text_type_scale":"text-h2","line3_text":"","line3_text_type_scale":"text-h4","overlay_position":"justify-start items-start","text_alignment":"text-center","promo_circle":false,"background_color":"#e32b2b","text_color":"#ffffff","subheading":"Starter Set Pink","link_text":"Alle Bundels","text_type_scale":"h6","tint_color":"#000000","tint_opacity":5}},"promo-media-2":{"type":"media","settings":{"image":"shopify:\/\/shop_images\/4.webp","link_url":"shopify:\/\/products\/starter-set-rick-and-morty","columns":2,"rows":1,"line1_text":"Now","line1_text_type_scale":"text-h6","line2_text":"$50","line2_text_type_scale":"text-h2","line3_text":"","line3_text_type_scale":"text-h4","overlay_position":"justify-start items-start","text_alignment":"text-center","promo_circle":false,"background_color":"#e32b2b","text_color":"#ffffff","subheading":"Starter Set Rick and Morty","link_text":"Alle Bundels","text_type_scale":"h6","tint_color":"#000000","tint_opacity":10}},"promo-media-3":{"type":"media","settings":{"image":"shopify:\/\/shop_images\/7.png","link_url":"shopify:\/\/products\/starter-set-og","columns":2,"rows":1,"line1_text":"Geschenkt","line1_text_type_scale":"text-h6","line2_text":"1\/4","line2_text_type_scale":"text-h4","line3_text":"","line3_text_type_scale":"text-h6","overlay_position":"justify-start items-start","text_alignment":"text-center","promo_circle":false,"background_color":"#e32b2b","text_color":"#ffffff","subheading":"OG","link_text":"Alle Bundels","text_type_scale":"h6","tint_color":"#000000","tint_opacity":10}}},"block_order":["promo-media-0","promo-media-1","promo-media-2","promo-media-3"],"settings":{"title":"Bundels","heading_align":"text-center","button_label":"","button_link":"shopify:\/\/collections\/start","gallery_cols_max":4,"mobile_carousel":false,"gallery_cols_min":"1","fixed_height_desktop":260,"fixed_height_mobile":280,"text_overlay_font":"body","color_scheme":"default"}},"shoppable_image_fYBdc6":{"type":"shoppable-image","blocks":{"hotspot_pzhBBY":{"type":"hotspot","settings":{"product":"plagron-growmix-25-liter","hotspot_x":28,"hotspot_y":39}},"hotspot_rGQanr":{"type":"hotspot","settings":{"product":"plagron-perlite-10-liter","hotspot_x":52,"hotspot_y":45}},"hotspot_brbbaD":{"type":"hotspot","settings":{"product":"canna-terra-professional-plus-25-liter","hotspot_x":71,"hotspot_y":30}}},"block_order":["hotspot_pzhBBY","hotspot_rGQanr","hotspot_brbbaD"],"name":"Shoppable image","settings":{"image":"shopify:\/\/shop_images\/Banner_Desktop_Erde.webp","layout":"image_first","show_vendor":true,"show_content":true,"mob_center_text":true,"heading":"Das richtige Medium für deine Genetik","text":"<p><br\/>Ob Kokos, Erde oder Steinwolle – hier findest du das passende Substrat für maximale Keimrate und gesundes Wachstum.<br\/><br\/><\/p>","button_label":"Substrate Kaufen","button_link":"shopify:\/\/collections\/anzucht-medien","hotspot_color":"#070707","color_scheme":"2","button_style":"btn btn--primary"}}},"order":["slideshow","collection-list","countdown-timer","product_features_W4YAMF","image-banner","promo-grid","shoppable_image_fYBdc6"]}