{"sections":{"main":{"type":"main-product","blocks":{"vendor-style":{"type":"custom-liquid","settings":{"custom_liquid":"<style>\na[href^=\"\/collections\/vendors\"] {\n  color: #000 !important;\n}\na[href^=\"\/collections\/vendors\"]:hover {\n  color: #f3572a !important;\n  text-decoration: underline;\n}\n<\/style>"}},"vendor-sku":{"type":"vendor-sku","settings":{"show_vendor":true,"show_sku":true,"show_barcode":true}},"product-labels":{"type":"product-labels","settings":{}},"title":{"type":"title","settings":{"show_weight":false}},"price":{"type":"price","settings":{"show_tax_and_shipping":true}},"custom_liquid_qDYMfV":{"type":"custom-liquid","settings":{"custom_liquid":"{% if product.metafields.custom.unit and product.metafields.custom.unit != blank %}\n  {% assign unit_raw = product.metafields.custom.unit | strip | downcase %}\n  {% assign unit_clean = unit_raw | remove: \" \" %}\n  {% assign quantity_str = unit_clean \n    | remove: \"milliliter\" \n    | remove: \"ml\" \n    | remove: \"liter\" \n    | remove: \"l\" \n    | remove: \"kilogramm\" \n    | remove: \"kilogram\" \n    | remove: \"kg\" \n    | remove: \"gramm\" \n    | remove: \"gram\" \n    | remove: \"g\"\n    | remove: \"stk\"\n    | remove: \"stück\"\n    | remove: \"st\" %}\n  {% assign quantity = quantity_str | plus: 0 %}\n  {% assign unit_type = unit_clean | remove: quantity_str %}\n  {% assign standard_unit = \"\" %}\n  {% assign converted_quantity = 0 %}\n  \n  {% if unit_type == \"ml\" or unit_type == \"milliliter\" %}\n    {% assign converted_quantity = quantity | times: 0.001 %}\n    {% assign standard_unit = \"Liter\" %}\n  {% elsif unit_type == \"l\" or unit_type == \"liter\" %}\n    {% assign converted_quantity = quantity %}\n    {% assign standard_unit = \"Liter\" %}\n  {% elsif unit_type == \"g\" or unit_type == \"gram\" or unit_type == \"gramm\" %}\n    {% assign converted_quantity = quantity | times: 0.001 %}\n    {% assign standard_unit = \"Kilogramm\" %}\n  {% elsif unit_type == \"kg\" or unit_type == \"kilogram\" or unit_type == \"kilogramm\" %}\n    {% assign converted_quantity = quantity %}\n    {% assign standard_unit = \"Kilogramm\" %}\n  {% elsif unit_type == \"st\" or unit_type == \"stk\" or unit_type == \"stück\" %}\n    {% if quantity == 0 %}\n      {% assign quantity = 1 %}\n    {% endif %}\n    {% assign converted_quantity = quantity %}\n    {% assign standard_unit = \"Stück\" %}\n  {% endif %}\n  \n  {% if converted_quantity > 0 and standard_unit != \"\" %}\n    {% assign variant_price = product.selected_or_first_available_variant.price | plus: 0 %}\n    {% assign base_price = variant_price | divided_by: converted_quantity %}\n    <div class=\"base-price\" style=\"margin-top:10px;\">\n      {{ base_price | money }} inkl. MwSt. pro {{ standard_unit }}\n    <\/div>\n  {% endif %}\n{% endif %}"}},"variant-picker":{"type":"variant-picker","settings":{"selector_style":"buttons","enable_dynamic_availability":true,"dynamic_availability_downwards":false,"show_backorder_text":true,"enable_size_chart":false,"size_chart_variant":"Size","size_chart_page":""}},"divider-1":{"type":"divider","settings":{"show_line":true,"spacing":"mt-8 mb-8"}},"goalify_progress_bar_block_product_XTAf94":{"type":"shopify:\/\/apps\/goalify\/blocks\/progress-bar-blockProduct\/0834dd64-6591-4dfa-9cc4-bbb7ef032eed","settings":{"n99gb_product_css":"\/* CSS Rules *\/","n99gb_product_js":"\/* JS Code *\/"}},"custom_liquid_KhFJzA":{"type":"custom-liquid","settings":{"custom_liquid":"{% assign show_warnings = false %}\n\n{% if product.tags contains 'spedition' or product.tags contains 'ab18' or product.tags contains 'gefahrgut' or product.tags contains 'Klasse1' or product.tags contains 'Klasse2' %}\n  {% assign show_warnings = true %}\n{% endif %}\n\n{% if show_warnings %}\n  <div class=\"product-warnings\" style=\"border: 1px solid #ddd; padding: 10px; margin: 10px 0; border-radius: 5px;\">\n    \n    {% if product.tags contains 'spedition' %}\n      <p style=\"margin: 0 0 5px 0; font-weight: bold; color: #333;\">⚠️ Speditionsware<\/p>\n    {% endif %}\n    \n    {% if product.tags contains 'ab18' %}\n      <p style=\"margin: 0 0 5px 0; font-weight: bold; color: #333;\">🔞 Verkauf nur an Volljährige<\/p>\n    {% endif %}\n    \n    {% if product.tags contains 'Klasse1' %}\n      <p style=\"margin: 0 0 5px 0; font-weight: bold; color: #d63031;\">⚠️ Gefahrgut Klasse1 - Versandzuschlag wird berechnet<\/p>\n    {% elsif product.tags contains 'Klasse2' %}\n      <p style=\"margin: 0 0 5px 0; font-weight: bold; color: #d63031;\">⚠️ Gefahrgut Klasse2 - Versandzuschlag wird berechnet<\/p>\n    {% elsif product.tags contains 'gefahrgut' %}\n      <p style=\"margin: 0 0 5px 0; font-weight: bold; color: #d63031;\">⚠️ Gefahrgut - Versandzuschlag wird berechnet<\/p>\n    {% endif %}\n    \n  <\/div>\n{% endif %}"}},"judge_me_reviews_preview_badge_hAWfaA":{"type":"shopify:\/\/apps\/judge-me-reviews\/blocks\/preview_badge\/61ccd3b1-a9f2-4160-9fe9-4fec8413e5d8","settings":{}},"buy-buttons":{"type":"buy-buttons","settings":{"show_qty_selector":true,"enable_dynamic_checkout":false,"show_pickup_availability":true,"show_gift_card_recipient":false}},"message-1":{"type":"message","disabled":true,"settings":{"icon":"clock","title":"<p><strong>Popular right now<br\/><\/strong>Lots of people have looked at this recently<\/p>","close":"once","show_over_media":true,"visibility_duration":4,"bg_color":"#e4edfa","text_color":"#1a66d2"}},"message-2":{"type":"message","disabled":true,"settings":{"icon":"price_tag","title":"<p><strong>Selling fast!<br\/><\/strong>Grab yours while you can<\/p>","close":"once","show_over_media":true,"visibility_duration":5,"bg_color":"#e4edfa","text_color":"#1a66d2"}},"custom_liquid_diRh9h":{"type":"custom-liquid","settings":{"custom_liquid":"<!-- Responsive Delivery Estimate component for Shopify (Liquid) -->\n{% assign selected_variant = product.selected_or_first_available_variant %}\n{% assign show_delivery_info = false %}\n\n{% if product.available and selected_variant.available %}\n  {% assign show_delivery_info = true %}\n{% endif %}\n\n{% if show_delivery_info %}\n<style>\n  \/* ---------- Delivery estimate component ---------- *\/\n  #delivery-estimate{\n    margin:15px 0;\n    padding:10px 14px;\n    border:1px solid #e0e0e0;\n    border-radius:6px;\n    background:#f9f9f9;\n\n    \/* Base typography (desktop‑first) *\/\n    font-family:-apple-system,BlinkMacSystemFont,'Segoe UI',Roboto,Helvetica,Arial,sans-serif;\n    font-size:16px;\n    line-height:1.4;\n  }\n\n  #delivery-estimate #delivery-days{\n    display:block;\n    font-weight:500;\n    margin-bottom:8px;\n  }\n\n  #delivery-estimate strong{\n    font-weight:600;\n  }\n\n  \/* ---------- Mobile optimisation ---------- *\/\n  @media (max-width:600px){\n    #delivery-estimate{\n      margin:12px 0;\n      padding:12px 16px;\n      border-radius:8px;\n      text-align:center;\n      font-size:clamp(13px,4vw,16px);\n    }\n\n    #delivery-estimate #delivery-info{\n      display:flex;\n      flex-direction:column;\n      align-items:center;\n    }\n\n    #delivery-estimate #delivery-days{\n      margin-bottom:6px;\n      font-weight:500;\n      white-space:nowrap;\n    }\n\n    #delivery-estimate span{\n      font-size:inherit;\n    }\n  }\n<\/style>\n\n<div id=\"delivery-estimate\">\n  <div id=\"delivery-info\">\n    <span id=\"delivery-days\">Lieferung in 1–3 Werktagen<\/span>\n    <span>Voraussichtliche Lieferung <strong id=\"delivery-dates\"><\/strong><\/span>\n  <\/div>\n<\/div>\n{% endif %}\n\n<script>\n\/\/ Erweiterte Verfügbarkeitsprüfung\nconst productAvailability = {\n  productAvailable: {{ product.available | json }},\n  selectedVariantAvailable: {{ selected_variant.available | json }},\n  selectedVariantId: {{ selected_variant.id | json }},\n  inventoryQuantity: {{ selected_variant.inventory_quantity | default: 0 | json }}\n};\n\nif (productAvailability.productAvailable && productAvailability.selectedVariantAvailable) {\n  \/\/ Vollständige bundes- & landesspezifische Feiertage aus Nutzer­liste\n  const germanHolidays2025 = [\n    '2025-01-01', '2025-01-06', '2025-03-08', '2025-04-18', '2025-04-20', '2025-04-21',\n    '2025-05-01', '2025-05-08', '2025-05-29', '2025-06-08', '2025-06-09', '2025-06-19',\n    '2025-08-08', '2025-08-15', '2025-09-20', '2025-10-03', '2025-10-31', '2025-11-01',\n    '2025-11-19', '2025-12-25', '2025-12-26'\n  ];\n\n  const germanHolidays2026 = [\n    '2026-01-01', '2026-01-06', '2026-03-08', '2026-04-03', '2026-04-05', '2026-04-06',\n    '2026-05-01', '2026-05-14', '2026-05-24', '2026-05-25', '2026-06-04', '2026-08-08',\n    '2026-08-15', '2026-09-20', '2026-10-03', '2026-10-31', '2026-11-01', '2026-11-18',\n    '2026-12-25', '2026-12-26'\n  ];\n\n  const germanHolidays2027 = [\n    '2027-01-01', '2027-01-06', '2027-03-08', '2027-03-26', '2027-03-28', '2027-03-29',\n    '2027-05-01', '2027-05-06', '2027-05-16', '2027-05-17', '2027-05-27', '2027-08-08',\n    '2027-08-15', '2027-09-20', '2027-10-03', '2027-10-31', '2027-11-01', '2027-11-17',\n    '2027-12-25', '2027-12-26'\n  ];\n\n  const allHolidays = [...germanHolidays2025, ...germanHolidays2026, ...germanHolidays2027];\n\n  const isWeekend = date => (date.getDay()===0 || date.getDay()===6);\n  const isHoliday = date => allHolidays.includes(date.toISOString().split('T')[0]);\n  const isWorkingDay = date => !isWeekend(date) && !isHoliday(date);\n  const addWorkingDays = (start, days) => {\n    let d = new Date(start), added = 0;\n    while (added < days) {\n      d.setDate(d.getDate() + 1);\n      if (isWorkingDay(d)) added++;\n    }\n    return d;\n  };\n  const formatGermanDate = d => d.toLocaleDateString('de-DE', { day: 'numeric', month: 'long', timeZone: 'Europe\/Berlin' });\n\n  function calculateDeliveryEstimate() {\n    const now = new Date();\n    const berlin = new Date(now.toLocaleString('en-US', { timeZone: 'Europe\/Berlin' }));\n    const start = berlin.getHours() < 18 ? berlin : addWorkingDays(berlin, 1);\n    return {\n      earliestDelivery: formatGermanDate(addWorkingDays(start, 1)),\n      latestDelivery: formatGermanDate(addWorkingDays(start, 3))\n    };\n  }\n\n  function displayDeliveryInfo() {\n    try {\n      const d = calculateDeliveryEstimate();\n      document.getElementById('delivery-days').textContent = 'Lieferung in 1–3 Werktagen';\n      document.getElementById('delivery-dates').textContent = `${d.earliestDelivery} - ${d.latestDelivery}`;\n    } catch (e) {\n      console.error('Fehler bei der Lieferdatum-Berechnung:', e);\n      const el = document.getElementById('delivery-estimate');\n      if (el) el.style.display = 'none';\n    }\n  }\n\n  function handleVariantChange() {\n    const current = document.querySelector('input[name=\"id\"]:checked') || document.querySelector('select[name=\"id\"]');\n    if (current) {\n      fetch(`\/products\/{{ product.handle }}.js`)\n        .then(r => r.json())\n        .then(p => {\n          const v = p.variants.find(v => v.id == current.value);\n          const box = document.getElementById('delivery-estimate');\n          if (v && v.available) {\n            box.style.display = 'block';\n            displayDeliveryInfo();\n          } else {\n            box.style.display = 'none';\n          }\n        })\n        .catch(e => {\n          console.error('Fehler beim Prüfen der Variantenverfügbarkeit:', e);\n          const box = document.getElementById('delivery-estimate');\n          if (box) box.style.display = 'none';\n        });\n    }\n  }\n\n  document.addEventListener('change', e => {\n    if (e.target.name === 'id' || e.target.classList.contains('product-form__input')) {\n      handleVariantChange();\n    }\n  });\n\n  if (document.readyState === 'loading') {\n    document.addEventListener('DOMContentLoaded', displayDeliveryInfo);\n  } else {\n    displayDeliveryInfo();\n  }\n\n  setInterval(displayDeliveryInfo, 60000);\n} else {\n  const box = document.getElementById('delivery-estimate');\n  if (box) box.style.display = 'none';\n}\n<\/script>"}},"custom_liquid_nEeFCD":{"type":"custom-liquid","settings":{"custom_liquid":"{% comment %}Live Social Proof Counter - Nur für kaufbare Produkte{% endcomment %}\n\n{% if product.available %}\n{% assign names = \"Sabine,Michael,Julia,Thomas,Anna,Peter,Laura,Stefan,Nina,Jan,Daria,Petra,Frank,Claudia,Markus,Sandra,James,Danil,Sarah,David,Emma,John,Lisa,Robert,Maria,William,Jennifer,Ahmet,Fatma,Mehmet,Ayşe,Mustafa,Zeynep,Cem,Selin,Burak,Elif,Alexander,Dasha,Anastasia,Dmitri,Svetlana,Igor,Fabio,Natasha,Alexei,Olga,Pavel,Irina,Sergei\" | split: \",\" %}\n\n{% assign day_seed = 'now' | date: '%j' | plus: 0 %}\n{% assign hour_seed = 'now' | date: '%H' | plus: 0 %}\n{% assign product_seed = product.id %}\n{% assign combined_seed = day_seed | plus: product_seed | plus: hour_seed %}\n\n{% comment %}Name basierend auf Produkt, Tag und Stunde{% endcomment %}\n{% assign name_index = combined_seed | modulo: names.size %}\n{% assign selected_name = names[name_index] %}\n\n{% comment %}Bessere Startzahl-Berechnung: Jedes Produkt hat eine einzigartige Zahl zwischen 3-47{% endcomment %}\n{% assign product_multiplier = product.id | times: 37 %}\n{% assign day_factor = day_seed | times: 13 %}\n{% assign base_number = product_multiplier | plus: day_factor | modulo: 45 | plus: 3 %}\n\n<div class=\"social-proof-live\" style=\"background-color: #f8f9fa; border-left: 4px solid #28a745; padding: 12px 16px; margin: 16px 0; border-radius: 4px;\">\n  <span style=\"color: #155724; font-weight: 500;\">\n    <span id=\"customer-name\">{{ selected_name }}<\/span> und \n    <span id=\"live-counter\">{{ base_number }}<\/span> weitere haben diesen Artikel heute schon gekauft\n  <\/span>\n  <span style=\"display: inline-block; width: 8px; height: 8px; background-color: #28a745; border-radius: 50%; margin-left: 8px; animation: pulse 2s infinite;\" id=\"live-indicator\"><\/span>\n<\/div>\n\n<style>\n@keyframes pulse {\n  0% { opacity: 1; }\n  50% { opacity: 0.5; }\n  100% { opacity: 1; }\n}\n\n.social-proof-live {\n  position: relative;\n  transition: all 0.3s ease;\n}\n\n.number-update {\n  animation: numberPulse 0.5s ease;\n}\n\n@keyframes numberPulse {\n  0% { transform: scale(1); }\n  50% { transform: scale(1.1); color: #dc3545; }\n  100% { transform: scale(1); }\n}\n\n.name-update {\n  animation: fadeInOut 1s ease;\n}\n\n@keyframes fadeInOut {\n  0% { opacity: 1; }\n  50% { opacity: 0.3; }\n  100% { opacity: 1; }\n}\n<\/style>\n\n<script>\n(function() {\n  const productId = {{ product.id }};\n  const storageKey = `socialProofCount_${productId}`;\n  const nameStorageKey = `socialProofName_${productId}`;\n  const lastNameChangeKey = `socialProofNameChange_${productId}`;\n  const baseNumber = {{ base_number }};\n  const defaultName = \"{{ selected_name }}\";\n  \n  \/\/ Internationale Namen-Arrays\n  const names = [\n    \/\/ Deutsche Namen\n    \"Sabine\", \"Michael\", \"Julia\", \"Thomas\", \"Anna\", \"Peter\", \"Laura\", \"Stefan\", \"Nina\", \"Jan\", \n    \"Petra\", \"Frank\", \"Claudia\", \"Markus\", \"Sandra\", \"Andreas\", \"Susanne\", \"Christian\", \"Birgit\", \"Wolfgang\",\n    \n    \/\/ Englische Namen\n    \"James\", \"Sarah\", \"David\", \"Emma\", \"John\", \"Lisa\", \"Robert\", \"Maria\", \"William\", \"Jennifer\",\n    \"Christopher\", \"Jessica\", \"Daniel\", \"Ashley\", \"Matthew\", \"Amanda\", \"Anthony\", \"Melissa\", \"Mark\", \"Deborah\",\n    \n    \/\/ Türkische Namen\n    \"Ahmet\", \"Fatma\", \"Mehmet\", \"Ayşe\", \"Mustafa\", \"Zeynep\", \"Cem\", \"Selin\", \"Burak\", \"Elif\",\n    \"Emre\", \"Derya\", \"Hasan\", \"Sevgi\", \"İbrahim\", \"Gül\", \"Oğuz\", \"Nur\", \"Yusuf\", \"Esra\",\n    \n    \/\/ Russische Namen\n    \"Alexander\", \"Anastasia\", \"Dmitri\", \"Svetlana\", \"Igor\", \"Natasha\", \"Alexei\", \"Olga\", \"Pavel\", \"Irina\",\n    \"Sergei\", \"Elena\", \"Mikhail\", \"Yulia\", \"Andrei\", \"Tatyana\", \"Vladimir\", \"Galina\", \"Nikolai\", \"Lyudmila\"\n  ];\n  \n  \/\/ Elemente referenzieren\n  const counterElement = document.getElementById('live-counter');\n  const nameElement = document.getElementById('customer-name');\n  \n  \/\/ Gespeicherte Werte laden\n  let currentCount = parseInt(localStorage.getItem(storageKey)) || baseNumber;\n  let savedName = localStorage.getItem(nameStorageKey) || defaultName;\n  let lastNameChange = parseInt(localStorage.getItem(lastNameChangeKey)) || Date.now();\n  \n  \/\/ Sicherstellen, dass die Zahl nie unter dem Basiswert liegt\n  if (currentCount < baseNumber) {\n    currentCount = baseNumber;\n  }\n  \n  \/\/ Gespeicherte Werte sofort anzeigen\n  counterElement.textContent = currentCount;\n  nameElement.textContent = savedName;\n  \n  \/\/ Werte speichern\n  localStorage.setItem(storageKey, currentCount.toString());\n  localStorage.setItem(nameStorageKey, savedName);\n  \n  \/\/ Namen-Wechsel Funktion\n  function changeRandomName() {\n    const now = Date.now();\n    \/\/ Namen alle 2-5 Minuten wechseln\n    if (now - lastNameChange > (120000 + Math.random() * 180000)) {\n      const randomIndex = Math.floor(Math.random() * names.length);\n      const newName = names[randomIndex];\n      \n      if (newName !== savedName) {\n        nameElement.classList.add('name-update');\n        nameElement.textContent = newName;\n        savedName = newName;\n        lastNameChange = now;\n        \n        \/\/ Werte speichern\n        localStorage.setItem(nameStorageKey, savedName);\n        localStorage.setItem(lastNameChangeKey, lastNameChange.toString());\n        \n        \/\/ Animation zurücksetzen\n        setTimeout(() => {\n          nameElement.classList.remove('name-update');\n        }, 1000);\n      }\n    }\n  }\n  \n  \/\/ Intervalle für Counter-Updates\n  const intervals = [\n    8000,   \/\/ 8 Sekunden\n    12000,  \/\/ 12 Sekunden\n    18000,  \/\/ 18 Sekunden\n    25000,  \/\/ 25 Sekunden\n    32000,  \/\/ 32 Sekunden\n    40000,  \/\/ 40 Sekunden\n    50000,  \/\/ 50 Sekunden\n    65000   \/\/ 65 Sekunden\n  ];\n  \n  \/\/ Pseudo-zufällige Intervall-Auswahl\n  function getRandomInterval() {\n    const now = Date.now();\n    const seed = (now + productId + currentCount) % intervals.length;\n    return intervals[seed];\n  }\n  \n  \/\/ Counter erhöhen\n  function incrementCounter() {\n    \/\/ 70% Wahrscheinlichkeit für +1, 30% für +2 bis +3\n    const increment = Math.random() < 0.7 ? 1 : Math.floor(Math.random() * 2) + 2;\n    currentCount += increment;\n    \n    \/\/ Sofort im localStorage speichern\n    localStorage.setItem(storageKey, currentCount.toString());\n    \n    \/\/ Animation und Anzeige\n    counterElement.classList.add('number-update');\n    counterElement.textContent = currentCount;\n    \n    \/\/ Namen eventuell wechseln\n    changeRandomName();\n    \n    \/\/ Animation zurücksetzen\n    setTimeout(() => {\n      counterElement.classList.remove('number-update');\n    }, 500);\n    \n    \/\/ Nächste Aktualisierung planen\n    scheduleNextUpdate();\n  }\n  \n  \/\/ Nächste Aktualisierung planen\n  function scheduleNextUpdate() {\n    const nextInterval = getRandomInterval();\n    setTimeout(incrementCounter, nextInterval);\n  }\n  \n  \/\/ Sichtbarkeit überwachen\n  let isVisible = !document.hidden;\n  \n  document.addEventListener('visibilitychange', function() {\n    isVisible = !document.hidden;\n  });\n  \n  \/\/ Modifizierte increment-Funktion mit Sichtbarkeitsprüfung\n  const originalIncrement = incrementCounter;\n  incrementCounter = function() {\n    if (isVisible) {\n      originalIncrement();\n    } else {\n      \/\/ Auch wenn nicht sichtbar, nächsten Update planen\n      scheduleNextUpdate();\n    }\n  };\n  \n  \/\/ Ersten Update nach kurzer Zeit starten (5-15 Sekunden)\n  const initialDelay = Math.floor(Math.random() * 10000) + 5000;\n  setTimeout(() => {\n    if (isVisible) {\n      incrementCounter();\n    }\n  }, initialDelay);\n  \n})();\n<\/script>\n\n{% endif %}"}}},"block_order":["vendor-style","vendor-sku","product-labels","title","price","custom_liquid_qDYMfV","variant-picker","divider-1","goalify_progress_bar_block_product_XTAf94","custom_liquid_KhFJzA","judge_me_reviews_preview_badge_hAWfaA","buy-buttons","message-1","message-2","custom_liquid_diRh9h","custom_liquid_nEeFCD"],"settings":{"stick_on_scroll":true,"sticky_atc_panel":true,"sticky_atc_position":"end","sticky_atc_mobile":true,"media_layout":"slider","media_size":"default","media_ratio":"1","media_crop":"none","hover_zoom":"large","enable_video_looping":false,"stacked_scroll":"always","underline_active":true,"media_thumbs":"desktop","thumb_ratio":"1","thumb_crop":"none","media_arrows":"desktop","show_slide_count":true,"border_color":"#eeeeee","bg_color":"#f4f4f4","enable_media_grouping":false,"media_grouping_option":"Color,Colour,Couleur,Farbe"}},"details":{"type":"product-details","blocks":{"tabs":{"type":"tabs","settings":{"style":"collapsible","open_first":false,"show_description":true,"show_reviews":false,"custom_reviews":"","show_specification":true,"spec_metafields":"<div id=\"addributes\"><\/div>","spec_right_align":true,"spec_show_empty_metafields":true,"spec_empty_field_text":"","tab_1_title":"","tab_1_text":"","tab_1_page":"","tab_2_title":"","tab_2_text":"","tab_2_page":"","tab_3_title":"Versandbedingungen","tab_3_text":"<h6><strong>Standardversand<\/strong><\/h6><p>Diskreter DHL, UPS, DPD Versand – schnell & sicher<br\/><br\/><strong>Hinweis:<\/strong> Bei großen Bestellmengen kann der Versand per Spedition erfolgen<\/p><h6>Speditionsversand<strong> <\/strong><\/h6><p>Kostet pauschal <strong>120 €, <\/strong>kann aber<strong> individuel<\/strong>l<strong> abweichen<\/strong> und ist vom <strong>kostenlosen Versand ausgeschlossen<\/strong>.<\/p><p><strong>Lieferung an unsere Shops<\/strong> ist auch möglich:<br\/>Gib einfach die Adresse von einem unserer Shops als Lieferadresse an.<br\/><br\/>Unsere Shop-Adressen findest du 👉 <a href=\"\/policies\/contact-information\" title=\"Contact Information\">hier<\/a><\/p><h6><a href=\"\/policies\/contact-information\" title=\"Contact Information\"><br\/><\/a><strong>Wichtig bei Paletten-Lieferung (Spedition):<\/strong><a href=\"\/policies\/contact-information\" title=\"Contact Information\"><br\/><\/a><\/h6><ul><li>Die Palette wird <strong>blickdicht in schwarzer Folie<\/strong> verpackt – von außen nicht erkennbar, was drin ist.<\/li><li>Als Absender steht <strong>nur die Spedition<\/strong> drauf.<\/li><li>Für die Lieferung braucht die Spedition <strong>deine Telefonnummer<\/strong>, um <strong>einen Termin<\/strong> mit dir abzusprechen.<\/li><li>Der LKW hat <strong>eine Hebebühne<\/strong> und bringt die Palette mit einem <strong>Handhubwagen<\/strong>.<\/li><li>Der Abladeort muss <strong>eben, befestigt und gut erreichbar<\/strong> sein.<\/li><\/ul><p><\/p><h6><strong><br\/>Wichtiger Hinweis zu Gefahrgut-Versand<\/strong><\/h6><p>Bestimmte Produkte, wie <strong>CLIPPER®, andere Feuerzeuge und Butangas<\/strong>, gelten als Gefahrgut und erfordern besondere Vorsicht beim Transport. Deshalb versenden wir diese Artikel ausschließlich per <strong>UPS oder Spedition<\/strong>. Für den Versand von Gefahrgut (Klasse2) berechnen wir <strong>38 € pro Bestellung<\/strong>, egal wie viele Pakete dazu gehören.<\/p><p>Andere Artikel dürfen als sogenannte <strong>„Limited Quantity“ (LQ)<\/strong> verschickt werden. Diese Produkte sind in kleinen Mengen ungefährlicher. Dazu gehören:<\/p><ul><li>Dimethylether (z.B. Dexso)<\/li><li>Reinigungsmittel<\/li><li>Geräte mit Lithium-Ionen-Akkus<\/li><li>Alkohol mit 24 % – 70 %<\/li><\/ul><p>Für den Versand dieser LQ-Produkte (Klasse1) berechnen wir nur <strong>4 € pro Bestellung<\/strong>. Das Maximalgewicht liegt bei <strong>30 kg pro Paket<br\/><br\/><\/strong>Genauen Infos zu den Gefahrgutkosten findest du 👉<a href=\"\/pages\/gefahrgutkosten\" title=\"Gefahrgutkosten\">hier<\/a><\/p>","tab_3_page":""}}},"block_order":["tabs"],"settings":{}},"recommendations":{"type":"product-recommendations","settings":{"heading":"Das könnte dir auch gefallen","heading_align":"text-start","layout":"carousel","card_size_mobile":"small","card_size":"small","products_to_show":8}},"175105631837f4bc3d":{"type":"apps","blocks":{"judge_me_reviews_review_widget_jmYW8U":{"type":"shopify:\/\/apps\/judge-me-reviews\/blocks\/review_widget\/61ccd3b1-a9f2-4160-9fe9-4fec8413e5d8","settings":{}}},"block_order":["judge_me_reviews_review_widget_jmYW8U"],"settings":{"full_width":false}},"17512751199657b290":{"type":"apps","settings":{"full_width":false}}},"order":["main","details","recommendations","175105631837f4bc3d","17512751199657b290"]}