{"type":"header","name":"Header Group","sections":{"announcement":{"type":"announcement","blocks":{"announcement-1":{"type":"announcement","settings":{"text":"<p>Willkommen bei <strong>Growgrandios<\/strong><\/p>"}},"announcement_MExm7k":{"type":"announcement","settings":{"text":"<p><strong>33%<\/strong> sparen auf <a href=\"\/products\/grow-grandios-starter-set\" title=\"Grow Grandios Starter Set\">Growgrandios Starter Set<\/a><\/p><p><\/p>"}},"announcement-2":{"type":"announcement","settings":{"text":"<p>Entdeck<strong>e<\/strong> die<strong> <\/strong><a href=\"\/collections\/c-result\" title=\"C Result\"><strong>Premium Dügner<\/strong><\/a><\/p>"}}},"block_order":["announcement-1","announcement_MExm7k","announcement-2"],"disabled":true,"settings":{"link1":"","link1_label":"","link2":"","link2_label":"","enable_country_selector":true,"enable_language_selector":true,"bg_color":"#ffffff","text_color":"#2a2b2a","text_type_scale":"small","read_time":7}},"header":{"type":"header","custom_css":[],"settings":{"enable_sticky":true,"mobile_menu_position":"burger-right","logo_text":"","logo_type_scale":"2","logo":"shopify:\/\/shop_images\/Growgrandios_Logoa.png","logo_width":120,"logo_h1":true,"logo_center":false,"enable_search":true,"minimise_search_mobile":true,"minimise_search_desktop":false,"menu":"main-menu","menu_center":false,"repeat_links":true,"menu_featured_link":"Rabatt","quicklinks_menu":"","cta_show":false,"cta_icon":"phone","cta_label":"Rufe uns an","cta_link":"","cta_border_color":"#2a2b2a","cta_bg_color":"#524e4e","cta_text_color":"#ffffff","bg_color":"#2a2b2a","text_color":"#ffffff","accent_color":"#ffa41c"}},"promo-strip":{"type":"promo-strip","blocks":{"heading-0":{"type":"heading","settings":{"heading":"Grand Opening Sale 20%","heading_size":"h6","show_on_mobile":true,"show_on_desktop":true}},"discount-2":{"type":"discount","settings":{"discount_code":"GRAND20"}}},"block_order":["heading-0","discount-2"],"settings":{"section_height":"xsmall","color_scheme":"2","full_width":true,"dividers":"border-top","prevent_animation":false}}},"order":["announcement","header","promo-strip"]}