{"type":"footer","name":"Footer Group","sections":{"icons-with-text":{"type":"icons-with-text","blocks":{"icons-with-text-1":{"type":"item","settings":{"icon":"check_mark_in_circle","heading":"Abholung im Shop","text":"","link":""}},"icons-with-text-2":{"type":"item","settings":{"icon":"question_mark","heading":"Diskreter Versand","text":"","link":""}},"icons-with-text-3":{"type":"item","settings":{"icon":"box","heading":"Versand zum Shop","text":"","link":""}},"icons-with-text-4":{"type":"item","settings":{"icon":"dollar_sign","heading":"Kostenloser Versand ab 100€","text":"","link":""}}},"block_order":["icons-with-text-1","icons-with-text-2","icons-with-text-3","icons-with-text-4"],"settings":{"heading":"","heading_align":"text-start","icon_size":36,"title_type_scale":"medium","text_type_scale":"medium","icon_position":"beside","mobile_stack":false,"section_height":"small","color_scheme":"1","full_width":true,"dividers":"border-top","prevent_animation":false}},"footer":{"type":"footer","blocks":{"text":{"type":"text","settings":{"image":"shopify:\/\/shop_images\/store_1.png","image_width":100,"heading":"Waldbröl","text":"<p><a href=\"https:\/\/g.co\/kgs\/GPCpLLa\" target=\"_blank\" title=\"https:\/\/g.co\/kgs\/GPCpLLa\">Grow Grandios<br\/>Kaiserstraße 34<br\/>51545 Waldbröl<\/a><br\/><br\/>Tel.: <a href=\"tel:02291808562 \" title=\"tel:02291808562 \">02291 808562 <\/a><\/p>","button_label":"","button_link":"","enable_follow_on_shop":false,"show_social":false,"text_align":"text-center"}},"text_WRYwJp":{"type":"text","settings":{"image":"shopify:\/\/shop_images\/store_1.png","image_width":100,"heading":"Gummersbach","text":"<p><a href=\"https:\/\/www.google.com\/url?sa=t&rct=j&q=&esrc=s&source=web&cd=&ved=2ahUKEwih45vrn4qOAxUh_7sIHbvTBH8Q4kB6BAgiEAM&url=%2Fmaps%2Fplace%2F%2Fdata%3D!4m2!3m1!1s0x47beb5e44f67d81b%3A0xbbd064de8041f84a%3Fsa%3DX%26ved%3D1t%3A8290%26ictx%3D111&usg=AOvVaw2ObnIwc0GoTyBB4FN_xDJi&opi=89978449\" target=\"_blank\" title=\"Echt Grandios Gummersbach\">Echt Grandios<br\/>Moltkestraße 8<br\/>51643 Gummersbach<br\/><br\/><\/a>Tel.: <a href=\"tel:022615018631\" title=\"tel:022615018631\">02261 5018631<\/a><\/p>","button_label":"","button_link":"","enable_follow_on_shop":false,"show_social":false,"text_align":"text-center"}},"link-list-1":{"type":"link_list","settings":{"heading":"Links","menu":"footer"}},"newsletter":{"type":"newsletter","settings":{"heading":"Newsletter","text":"<p>Anmelden um Angebote & 10% Rabatt zu erhalten<\/p>","collapse_mobile":true}}},"block_order":["text","text_WRYwJp","link-list-1","newsletter"],"settings":{"show_back_to_top":true,"show_payment_icons":true,"show_powered_by":false,"enable_country_selector":true,"enable_language_selector":true,"secondary_menu":"","bg_color":"#2a2b2a","text_color":"#ffffff"}}},"order":["icons-with-text","footer"]}