      {
  "type": "header",
  "name": "Header Group",
  "sections": {
    "announcement": {
      "type": "announcement",
      "blocks": {
        "8501117e-b017-47b9-8a6e-c0c9b40cb858": {
          "type": "announcement",
          "settings": {
            "text": "<p><strong>Free help & advice<\/strong> <a href=\"#\">Learn more<\/a><\/p>"
          }
        },
        "3288704d-ae55-4097-ad1d-de5a6201a999": {
          "type": "announcement",
          "settings": {
            "text": "<p><strong>Gift cards now available<\/strong> <a href=\"#\">Learn more<\/a><\/p>"
          }
        }
      },
      "block_order": [
        "8501117e-b017-47b9-8a6e-c0c9b40cb858",
        "3288704d-ae55-4097-ad1d-de5a6201a999"
      ],
      "settings": {
        "link1": "#",
        "link1_label": "Brands",
        "link2": "#",
        "link2_label": "FAQ",
        "enable_country_selector": true,
        "enable_language_selector": true,
        "bg_color": "#141414",
        "text_color": "#ffffff",
        "text_type_scale": "small",
        "read_time": 8
      }
    },
    "header": {
      "type": "header",
      "blocks": {
        "a94eb2f1-b98e-4c70-9e55-999dfdaeb047": {
          "type": "sidebar",
          "settings": {
            "title": "Shop",
            "collection_images": "large",
            "collection_use_product_image": false,
            "collection_circle_image": true,
            "show_underline": true,
            "show_collection_images": true,
            "sidebar_link_use_product_image": false,
            "show_product_images": true,
            "aspect_ratio": "1",
            "badge1_color": "#ff580d",
            "badge2_color": "#00a6ed",
            "badge3_color": "#b0ff00"
          }
        }
      },
      "block_order": [
        "a94eb2f1-b98e-4c70-9e55-999dfdaeb047"
      ],
      "settings": {
        "enable_sticky": true,
        "mobile_menu_position": "burger-left",
        "logo_type_scale": "2",
        "logo": "{{ shop.brand.logo }}",
        "logo_width": 160,
        "logo_h1": true,
        "logo_center": false,
        "enable_search": true,
        "minimise_search_mobile": false,
        "minimise_search_desktop": false,
        "menu_center": false,
        "repeat_links": true,
        "menu_featured_link": "Sale",
        "cta_show": true,
        "cta_icon": "phone",
        "cta_label": "Expert help",
        "cta_border_color": "rgba(0,0,0,0)",
        "cta_bg_color": "#6f7376",
        "cta_text_color": "#ffffff",
        "bg_color": "#292f36",
        "text_color": "#ffffff",
        "accent_color": "#ff580d"
      }
    },
    "433b6b0d-810b-4d34-902a-c5760d80945a": {
      "type": "icons-with-text",
      "blocks": {
        "sections--17646025539872__433b6b0d-810b-4d34-902a-c5760d80945a-1675092667476dc2c2-0": {
          "type": "item",
          "settings": {
            "icon": "truck",
            "heading": "Free shipping over $100",
            "text": "",
            "link": ""
          }
        },
        "sections--17646025539872__433b6b0d-810b-4d34-902a-c5760d80945a-1675092667476dc2c2-1": {
          "type": "item",
          "settings": {
            "icon": "chat_bubble",
            "heading": "Free help & advice",
            "text": "",
            "link": ""
          }
        },
        "sections--17646025539872__433b6b0d-810b-4d34-902a-c5760d80945a-1675092667476dc2c2-2": {
          "type": "item",
          "settings": {
            "icon": "return",
            "heading": "Hassle-free returns",
            "text": "",
            "link": ""
          }
        },
        "sections--17646025539872__433b6b0d-810b-4d34-902a-c5760d80945a-1675092667476dc2c2-3": {
          "type": "item",
          "settings": {
            "icon": "map_pin",
            "heading": "Open 7 days a week",
            "text": "",
            "link": ""
          }
        }
      },
      "block_order": [
        "sections--17646025539872__433b6b0d-810b-4d34-902a-c5760d80945a-1675092667476dc2c2-0",
        "sections--17646025539872__433b6b0d-810b-4d34-902a-c5760d80945a-1675092667476dc2c2-1",
        "sections--17646025539872__433b6b0d-810b-4d34-902a-c5760d80945a-1675092667476dc2c2-2",
        "sections--17646025539872__433b6b0d-810b-4d34-902a-c5760d80945a-1675092667476dc2c2-3"
      ],
      "settings": {
        "heading": "",
        "heading_align": "text-start",
        "icon_size": 24,
        "title_type_scale": "medium",
        "text_type_scale": "medium",
        "icon_position": "beside",
        "mobile_stack": false,
        "section_height": "xsmall",
        "color_scheme": "1",
        "full_width": true,
        "dividers": "none",
        "prevent_animation": true
      }
    },
    "883c3065-1506-4c0c-af62-4e0f6bc49c84": {
      "type": "promo-strip",
      "blocks": {
        "sections--17646025539872__883c3065-1506-4c0c-af62-4e0f6bc49c84-167509257206b82108-0": {
          "type": "heading",
          "settings": {
            "heading": "Flash Sale now on!",
            "heading_size": "h6",
            "show_on_mobile": true,
            "show_on_desktop": true
          }
        },
        "sections--17646025539872__883c3065-1506-4c0c-af62-4e0f6bc49c84-167509257206b82108-1": {
          "type": "text",
          "settings": {
            "text": "<p>Huge savings across all ranges sitewide<\/p>",
            "enlarge_text": false,
            "show_on_mobile": false,
            "show_on_desktop": true
          }
        },
        "58b7ef29-75b8-489c-8f40-d7eb6859d517": {
          "type": "discount",
          "settings": {
            "discount_code": "FLASHSALE23"
          }
        }
      },
      "block_order": [
        "sections--17646025539872__883c3065-1506-4c0c-af62-4e0f6bc49c84-167509257206b82108-0",
        "sections--17646025539872__883c3065-1506-4c0c-af62-4e0f6bc49c84-167509257206b82108-1",
        "58b7ef29-75b8-489c-8f40-d7eb6859d517"
      ],
      "settings": {
        "section_height": "xsmall",
        "color_scheme": "3",
        "full_width": true,
        "dividers": "none",
        "prevent_animation": true
      }
    }
  },
  "order": [
    "announcement",
    "header",
    "433b6b0d-810b-4d34-902a-c5760d80945a",
    "883c3065-1506-4c0c-af62-4e0f6bc49c84"
  ]
}
