{"type":"aside","name":"Overlay group","sections":{"cart-drawer":{"type":"cart-drawer","settings":{"show_cart_page_link":true,"show_backorder_text":true,"show_vendor":true,"position_cart_summary":"top","stick_footer":true,"show_order_note":true,"show_shipping_text_notice":false,"show_additional_checkout_buttons":false,"show_checkout_button":false,"cart_terms_page":"","show_shipping_calculator":true,"shipping_calculator_default_country":"United States","promoted_products_visibility":"empty-cart","promoted_products_heading":"Hot deals on tech...","promoted_products_layout":"carousel","show_media_promotion":true,"media_promotion_visibility":"non-empty-cart","image":"","link_url":"","media_promotion_min_height":160,"content":"<h5>The latest Tech.<\/h5>","text_type_scale":"--h6-font-size","text_width":500,"text_alignment":"justify-start items-center","button_label":"Shop Smart Tech","button_style":"btn btn--secondary","text_color":"#ffffff","tint_color":"#000000","tint_opacity":5}},"product-compare":{"type":"product-compare","blocks":{"compare-1":{"type":"image","settings":{}},"compare-2":{"type":"vendor","settings":{}},"compare-3":{"type":"title","settings":{}},"compare-4":{"type":"price","settings":{}},"compare-5":{"type":"description","settings":{}},"compare-6":{"type":"variants","settings":{}}},"block_order":["compare-1","compare-2","compare-3","compare-4","compare-5","compare-6"],"settings":{}},"popup":{"type":"pop-up","blocks":{"heading":{"type":"heading","settings":{"heading":"Flash Sale!","heading_size":"h0"}},"text":{"type":"text","settings":{"text":"<p>Hurry! Offers end soon.<\/p>","text_size":"enlarge-text"}},"countdown":{"type":"countdown","settings":{"end_date":"","end_time":"","end_text":"","enlarge_end_text":false,"hide_on_end":true,"countdown_size":"22","use_custom_colors":true,"count_color":"#ff580d","count_bg_color":"#ffffff","count_bg_grad":""}},"button":{"type":"button","settings":{"button_1_label":"Shop Flash Sale","button_1_style":"btn btn--primary","button_1_link":"","btn_1_bg_color":"#ff580d","btn_1_text_color":"#ffffff","button_2_label":"","button_2_style":"btn btn--secondary","button_2_link":"","btn_2_bg_color":"#555555","btn_2_text_color":"#ffffff"}}},"block_order":["heading","text","countdown","button"],"settings":{"trigger":"delay","delay":5,"show_to_guests_only":false,"show_on_mobile":true,"dismiss_days":2,"position":"justify-center items-center","text_align":"text-center","padding":"large","shrink_width":false,"heading_color":"#ff580d","text_color":"#ffffff","bg_color":"#292f36","bg_grad":"linear-gradient(225deg, rgba(51, 59, 67, 0.88) 8%, rgba(41, 47, 54, 1) 56%, rgba(20, 20, 20, 1) 92%)","tint_opacity":60}}},"order":["cart-drawer","product-compare","popup"]}